loc_id,title,other_titles,primary_performer,credits,recording_date,recording_location_loc,recording_city,genre_loc,category_project,summary_loc,disc,matrix,take,language,loc_item_url,loc_wav_url,loc_mp3_url,loc_source_copy,loc_rights_advisory,rights_status,rights_checked_utc,credit_line,original_wav_sha256,original_flac_bit_exact,restoration_percent_samples_interpolated,surface_noise_before_dbfs,surface_noise_after_dbfs,impulses_per_min_before,impulses_per_min_after
jukebox-1062882,Ciribiribin,Canzonetta,Coppia Butterfly,"Coppia Butterfly -- Vocal Group -- Vocal Group; Pestalozza, A. -- Composer -- Composer",1908-12-31,"italy, milan",Milan,,Italian song,Female-male vocal duet,Columbia 10294,10294 (Matrix ID),1,['italian'],https://www.loc.gov/item/jukebox-1062882/,https://tile.loc.gov/storage-services/master/mbrsrs/mbrsjukebox/ucsb_col_10294_01_10294_01/ucsb_col_10294_01_10294_01.wav,https://tile.loc.gov/storage-services/service/mbrsrs/mbrsjukebox/ucsb_col_10294_01_10294_01/ucsb_col_10294_01_10294_01.mp3,"Source of original recording: Department of Special Collections, Davidson Library, University of California, Santa Barbara.","Inclusion of the recording in the National Jukebox, courtesy of Sony Music Entertainment or EMI Music","Public domain in the United States (published before 1923; Music Modernization Act, 17 U.S.C. 1401(a)(2)(B)(i))",2026-10-08T12:43:43+00:00,"Library of Congress, National Jukebox.",c118910b1bdf333049068f4b420800d34d5e6f60bfa6491e03be0d5663b43dc3,True,1.77,-39.4,-57.5,1052.7,69.4
jukebox-11226,The Memphis blues,,"Harvey, Morton","Handy, W. C. -- Composer -- Composer; Handy, W. C. -- Lyricist -- Lyricist; Harvey, Morton -- Vocalist -- Tenor Vocal",1914-10-02,"camden, new jersey, united states",Camden,"Blues; Ragtime, jazz, and more",Blues,"Male vocal solo, with orchestra",Victor 17657,B-15244 (Matrix ID),2,['english'],https://www.loc.gov/item/jukebox-11226/,https://tile.loc.gov/storage-services/master/mbrsrs/mbrsjukebox/dlc_victor_17657_01_b15244_02/dlc_victor_17657_01_b15244_02.wav,https://tile.loc.gov/storage-services/service/mbrsrs/mbrsjukebox/dlc_victor_17657_01_b15244_02/dlc_victor_17657_01_b15244_02.mp3,"Source of original recording: Recorded Sound Section, Library of Congress.","Inclusion of the recording in the National Jukebox, courtesy of Sony Music Entertainment or EMI Music","Public domain in the United States (published before 1923; Music Modernization Act, 17 U.S.C. 1401(a)(2)(B)(i))",2026-10-08T12:40:05+00:00,"Library of Congress, National Jukebox.",200274cbc78297b3085d91c25320b222c20fe9afba421493c72ee41901787136,True,1.98,-32.2,-38.1,1351.2,170.6
jukebox-119158,Vesti la giubba,I pagliacci; Pagliacci. Vesti la giubba,"Caruso, Enrico","Caruso, Enrico -- Vocalist -- Tenor Vocal; Leoncavallo, Ruggiero -- Composer -- Composer",1904-02-01,"united states, new york",New York,Opera,Opera,"Tenor vocal solo, with piano",Victor 930,B-1002 (Matrix ID),1,['italian'],https://www.loc.gov/item/jukebox-119158/,https://tile.loc.gov/storage-services/master/mbrsrs/mbrsjukebox/dlc_victor_930_01_b1002_01/dlc_victor_930_01_b1002_01.wav,https://tile.loc.gov/storage-services/service/mbrsrs/mbrsjukebox/dlc_victor_930_01_b1002_01/dlc_victor_930_01_b1002_01.mp3,"Source of original recording: Recorded Sound Section, Library of Congress.","Inclusion of the recording in the National Jukebox, courtesy of Sony Music Entertainment or EMI Music","Public domain in the United States (published before 1923; Music Modernization Act, 17 U.S.C. 1401(a)(2)(B)(i))",2026-10-08T12:36:38+00:00,"Library of Congress, National Jukebox.",b1f841d36106c97a80450ed7124ac3252625450fa0bb4bbcf4fb1a1700c05453,True,1.57,-34.0,-53.6,688.9,93.2
jukebox-121880,Give my regards to Broadway,Little Johnny Jones,"Kernell, Frank [i.e., Samuel H. Dudley]","Dudley, S. H. -- Vocalist -- Baritone Vocal; Cohan, George M. -- Composer -- Composer; Cohan, George M. -- Lyricist -- Lyricist; Kernell, Frank [i.e., Samuel H. Dudley] -- Vocalist -- Baritone Vocal",1905-06-21,"philadelphia, pennsylvania, united states",Philadelphia,Musical theater,Musical theater,"Male vocal solo, with orchestra",Victor 4385,B-2654 (Matrix ID),3,['english'],https://www.loc.gov/item/jukebox-121880/,https://tile.loc.gov/storage-services/master/mbrsrs/mbrsjukebox/dlc_victor_4385_01_b2654_03/dlc_victor_4385_01_b2654_03.wav,https://tile.loc.gov/storage-services/service/mbrsrs/mbrsjukebox/dlc_victor_4385_01_b2654_03/dlc_victor_4385_01_b2654_03.mp3,"Source of original recording: Recorded Sound Section, Library of Congress.","Inclusion of the recording in the National Jukebox, courtesy of Sony Music Entertainment or EMI Music","Public domain in the United States (published before 1923; Music Modernization Act, 17 U.S.C. 1401(a)(2)(B)(i))",2026-10-08T12:36:44+00:00,"Library of Congress, National Jukebox.",085178030f1e58ef4d18ee8599f943a3f7901a7b5e69af88d623621eaf59bec6,True,0.3,-39.5,-59.3,162.5,55.5
jukebox-124469,Entrance of butterfly,Madama Butterfly; Madama Butterfly. Ancora un passo,"Farrar, Geraldine","Farrar, Geraldine -- Vocalist -- Soprano Vocal; Puccini, Giacomo -- Composer -- Composer",1907-02-19,"united states, new york",New York,Opera,Opera,"Soprano vocal solo, with orchestra",Victor 87004,B-4255 (Matrix ID),1,['italian'],https://www.loc.gov/item/jukebox-124469/,https://tile.loc.gov/storage-services/master/mbrsrs/mbrsjukebox/dlc_victor_87004_01_b4255_01/dlc_victor_87004_01_b4255_01.wav,https://tile.loc.gov/storage-services/service/mbrsrs/mbrsjukebox/dlc_victor_87004_01_b4255_01/dlc_victor_87004_01_b4255_01.mp3,"Source of original recording: Recorded Sound Section, Library of Congress.","Inclusion of the recording in the National Jukebox, courtesy of Sony Music Entertainment or EMI Music","Public domain in the United States (published before 1923; Music Modernization Act, 17 U.S.C. 1401(a)(2)(B)(i))",2026-10-08T12:37:44+00:00,"Library of Congress, National Jukebox.",de3725c9ca6d593ecd3cb99161e400b695d21d6b2fc13a6f3218a72dfaf72eeb,True,0.53,-41.9,-63.5,297.5,7.1
jukebox-124534,Mi chiamano Mimì,"Boheme. Si, mi chiamano Mimi; La boheme","Melba, Nellie","Puccini, Giacomo -- Composer -- Composer; Melba, Nellie -- Vocalist -- Soprano Vocal",1907-03-24,"united states, new york",New York,Opera,Opera,"Soprano vocal solo, with orchestra",Victor 88074,C-4281 (Matrix ID),2,['italian'],https://www.loc.gov/item/jukebox-124534/,https://tile.loc.gov/storage-services/master/mbrsrs/mbrsjukebox/dlc_victor_88074_01_c4281_02/dlc_victor_88074_01_c4281_02.wav,https://tile.loc.gov/storage-services/service/mbrsrs/mbrsjukebox/dlc_victor_88074_01_c4281_02/dlc_victor_88074_01_c4281_02.mp3,"Source of original recording: Recorded Sound Section, Library of Congress.","Inclusion of the recording in the National Jukebox, courtesy of Sony Music Entertainment or EMI Music","Public domain in the United States (published before 1923; Music Modernization Act, 17 U.S.C. 1401(a)(2)(B)(i))",2026-10-08T12:37:52+00:00,"Library of Congress, National Jukebox.",da8208888bb1c0898353b27abd91a2e073c556287c82bb65507368d799c09a7c,True,1.81,-36.0,-45.9,1146.1,1.0
jukebox-130333,Alexander's ragtime band,,Collins And Harlan,"Collins and Harlan -- Vocal Group -- Vocal Group; Berlin, Irving -- Composer -- Composer; Collins, Arthur -- Vocalist -- Baritone Vocal; Harlan, Byron G. -- Vocalist -- Tenor Vocal; Berlin, Irving -- Lyricist -- Lyricist",1911-05-23,"new jersey, camden, united states",Camden,Popular music,Ragtime song,"Male vocal duet, with orchestra",Victor 16908,B-10374 (Matrix ID),1,['english'],https://www.loc.gov/item/jukebox-130333/,https://tile.loc.gov/storage-services/master/mbrsrs/mbrsjukebox/dlc_victor_16908_01_b10374_01/dlc_victor_16908_01_b10374_01.wav,https://tile.loc.gov/storage-services/service/mbrsrs/mbrsjukebox/dlc_victor_16908_01_b10374_01/dlc_victor_16908_01_b10374_01.mp3,"Source of original recording: Recorded Sound Section, Library of Congress.","Inclusion of the recording in the National Jukebox, courtesy of Sony Music Entertainment or EMI Music","Public domain in the United States (published before 1923; Music Modernization Act, 17 U.S.C. 1401(a)(2)(B)(i))",2026-10-08T12:39:27+00:00,"Library of Congress, National Jukebox.",7884320da7007b0c7c583e968a60a54e4f3a28d645558278490ec564f4b27f42,True,0.45,-30.7,-34.7,192.0,79.7
jukebox-130944,Roamin' in the gloamin ',,"Lauder, Harry","Lauder, Harry -- Composer -- Composer; Lauder, Harry -- Vocalist -- Baritone Vocal; Quintrell, Fred -- Conductor -- Conductor; Lauder, Harry -- Lyricist -- Lyricist",1911-10-18,"new york, united states",New York,"Descriptive specialties; Ethnic music; Monologues, dialogues, and recitations",Music hall,"Male vocal solo, with orchestra",Victor 70061,C-11122 (Matrix ID),1,['english'],https://www.loc.gov/item/jukebox-130944/,https://tile.loc.gov/storage-services/master/mbrsrs/mbrsjukebox/jvm_victor_70061_01_c11122_01/jvm_victor_70061_01_c11122_01.wav,https://tile.loc.gov/storage-services/service/mbrsrs/mbrsjukebox/jvm_victor_70061_01_c11122_01/jvm_victor_70061_01_c11122_01.mp3,"Source of original recording: Johnson Victrola Museum, Delaware.","Inclusion of the recording in the National Jukebox, courtesy of Sony Music Entertainment or EMI Music","Public domain in the United States (published before 1923; Music Modernization Act, 17 U.S.C. 1401(a)(2)(B)(i))",2026-10-08T12:39:44+00:00,"Library of Congress, National Jukebox.",a38ab09ae1b1d978557d35a4aa27327ed36842a65994a6cafe7cdee09ee2138f,True,1.89,-41.8,-57.4,967.0,179.3
jukebox-134539,Castle walk,,Europe's Society Orchestra,"Dabney, Ford T. -- Composer -- Composer; Europe's Society Orchestra -- Musical Group -- Musical Group; Europe, James Reese -- Composer -- Composer; Europe, James Reese -- Conductor -- Conductor",1914-02-10,"new york, united states",New York,,Dance orchestra / proto-jazz,Orchestra,Victor 17553,B-14434 (Matrix ID),2,,https://www.loc.gov/item/jukebox-134539/,https://tile.loc.gov/storage-services/master/mbrsrs/mbrsjukebox/dlc_victor_17553_01_b14434_02/dlc_victor_17553_01_b14434_02.wav,https://tile.loc.gov/storage-services/service/mbrsrs/mbrsjukebox/dlc_victor_17553_01_b14434_02/dlc_victor_17553_01_b14434_02.mp3,"Source of original recording: Recorded Sound Section, Library of Congress.","Inclusion of the recording in the National Jukebox, courtesy of Sony Music Entertainment or EMI Music","Public domain in the United States (published before 1923; Music Modernization Act, 17 U.S.C. 1401(a)(2)(B)(i))",2026-10-08T12:39:57+00:00,"Library of Congress, National Jukebox.",b8853ed1e77cda72702927e92d406f8bf8ea8c02430986df3a834264c70c97b3,True,2.75,-24.4,-27.3,2075.1,11.4
jukebox-186160,Poor Butterfly,The big show,"Brown, Edna","Baker, Elsie -- Vocalist -- Contralto; Hubbell, Raymond -- Composer -- Composer; Pasternack, Josef -- Conductor -- Conductor; Golden, John L. -- Lyricist -- Lyricist; Brown, Edna -- Vocalist -- Contralto",1916-12-15,"new jersey, camden, united states",Camden,,Musical theater,"Female vocal solo, with orchestra",Victor 18211,B-18900 (Matrix ID),1,['english'],https://www.loc.gov/item/jukebox-186160/,https://tile.loc.gov/storage-services/master/mbrsrs/mbrsjukebox/dlc_victor_18211_01_b18900_01/dlc_victor_18211_01_b18900_01.wav,https://tile.loc.gov/storage-services/service/mbrsrs/mbrsjukebox/dlc_victor_18211_01_b18900_01/dlc_victor_18211_01_b18900_01.mp3,"Source of original recording: Recorded Sound Section, Library of Congress.","Inclusion of the recording in the National Jukebox, courtesy of Sony Music Entertainment or EMI Music","Public domain in the United States (published before 1923; Music Modernization Act, 17 U.S.C. 1401(a)(2)(B)(i))",2026-10-08T12:40:10+00:00,"Library of Congress, National Jukebox.",56b2d7df17f42d9d855d53f3883ccdda7306bac829c1c29300458c22e862fbd2,True,0.27,-37.5,-45.5,184.2,7.8
jukebox-186254,Livery stable blues,,Original Dixieland Jazz Band,"Original Dixieland Jazz Band -- Musical Group -- Musical Group; LaRocca, Nick -- Instrumentalist -- Cornet; Edwards, Eddie -- Instrumentalist -- Trombone; Shields, Larry -- Instrumentalist -- Clarinet; Ragas, Henry -- Instrumentalist -- Piano; Sbarbaro, Tony -- Instrumentalist -- Traps; LaRocca, Nick -- Composer -- Composer",1917-02-26,"new york, united states",New York,"Ragtime, jazz, and more; Blues",Early jazz,Jazz/dance band,Victor 18255,B-19331 (Matrix ID),1,,https://www.loc.gov/item/jukebox-186254/,https://tile.loc.gov/storage-services/master/mbrsrs/mbrsjukebox/dlc_victor_18255_01_b19331_01/dlc_victor_18255_01_b19331_01.wav,https://tile.loc.gov/storage-services/service/mbrsrs/mbrsjukebox/dlc_victor_18255_01_b19331_01/dlc_victor_18255_01_b19331_01.mp3,"Source of original recording: Recorded Sound Section, Library of Congress.","Inclusion of the recording in the National Jukebox, courtesy of Sony Music Entertainment or EMI Music","Public domain in the United States (published before 1923; Music Modernization Act, 17 U.S.C. 1401(a)(2)(B)(i))",2026-10-08T12:41:02+00:00,"Library of Congress, National Jukebox.",5ef1270f48781aed2752fbfddefd3acac8aaed5b0085a73737324178fd170e30,True,1.66,-45.0,-69.7,1258.2,104.0
jukebox-189251,"Shine on, harvest moon barn dance",Over on the Jersey side,Arthur Pryor's Band,"Bayes, Nora -- Composer -- Composer; Norworth, Jack -- Composer -- Composer; Arthur Pryor's Band -- Musical Group -- Musical Group",1910-02-15,"camden, new jersey, united states",Camden,Popular music,Band / dance,Band,Victor 16475,B-8630 (Matrix ID),1,,https://www.loc.gov/item/jukebox-189251/,https://tile.loc.gov/storage-services/master/mbrsrs/mbrsjukebox/dlc_victor_16475_01_b8630_01/dlc_victor_16475_01_b8630_01.wav,https://tile.loc.gov/storage-services/service/mbrsrs/mbrsjukebox/dlc_victor_16475_01_b8630_01/dlc_victor_16475_01_b8630_01.mp3,"Source of original recording: Recorded Sound Section, Library of Congress.","Inclusion of the recording in the National Jukebox, courtesy of Sony Music Entertainment or EMI Music","Public domain in the United States (published before 1923; Music Modernization Act, 17 U.S.C. 1401(a)(2)(B)(i))",2026-10-08T12:42:50+00:00,"Library of Congress, National Jukebox.",59db6a74290e31abd857dd394dfa48047b2908104ebd1953496745bbd73e2378,True,0.45,-24.6,-27.9,318.6,69.7
jukebox-191403,Rusty rags,,"Ossman, Vess L.","Ossman, Vess L. -- Instrumentalist -- Banjo; Ossman, Vess L. -- Composer -- Composer",1901-05-16,"camden, united states, new jersey",Camden,"Ragtime, jazz, and more",Ragtime,Banjo solo,Victor 3367,[Pre-matrix B-]3367 (Matrix ID),1,['english'],https://www.loc.gov/item/jukebox-191403/,https://tile.loc.gov/storage-services/master/mbrsrs/mbrsjukebox/dgio_victor_3367_01_b3367_01/dgio_victor_3367_01_b3367_01.wav,https://tile.loc.gov/storage-services/service/mbrsrs/mbrsjukebox/dgio_victor_3367_01_b3367_01/dgio_victor_3367_01_b3367_01.mp3,Source of original recording: Giovannoni/Lynch Collection (private collection).,"Inclusion of the recording in the National Jukebox, courtesy of Sony Music Entertainment or EMI Music","Public domain in the United States (published before 1923; Music Modernization Act, 17 U.S.C. 1401(a)(2)(B)(i))",2026-10-08T12:36:31+00:00,"Library of Congress, National Jukebox.",15aac757a35ea56bc11b1169d1e2a2a274d048b5009c0b55eb6dc5669e8d939e,True,2.64,-26.8,-36.6,1669.3,242.3
jukebox-191640,La terruca,Canciones escolares; La vuelta a la escuela,"Rivera, [?], Miss","Rivera, [?], Miss -- Vocalist -- Vocalist; Roberts, [?], Miss -- Vocalist -- Soprano Vocal; Díaz, [?], Miss -- Vocalist -- Vocalist; Faría, [?], Miss -- Vocalist -- Vocalist; Ariosto, [?] -- Instrumentalist -- Violin; Colón, Braulio Dueño -- Composer -- Composer",1917-01-13,"puerto rico, san juan, united states",San Juan,Spanish (Puerto Rico); Ethnic music; Spanish (Puerto Rico),Puerto Rican song,"Female vocal quartet, with violin and piano",Victor 69388,G-1776 (Matrix ID),1,['spanish'],https://www.loc.gov/item/jukebox-191640/,https://tile.loc.gov/storage-services/master/mbrsrs/mbrsjukebox/ucsb_victor_69388_01_g1776_01/ucsb_victor_69388_01_g1776_01.wav,https://tile.loc.gov/storage-services/service/mbrsrs/mbrsjukebox/ucsb_victor_69388_01_g1776_01/ucsb_victor_69388_01_g1776_01.mp3,"Source of original recording: Department of Special Collections, Davidson Library, University of California, Santa Barbara.","Inclusion of the recording in the National Jukebox, courtesy of Sony Music Entertainment or EMI Music","Public domain in the United States (published before 1923; Music Modernization Act, 17 U.S.C. 1401(a)(2)(B)(i))",2026-10-08T12:45:38+00:00,"Library of Congress, National Jukebox.",9fc9d2b7aedc7386fd8813d17ca4cfd731668e71741375f96ac92ee0059054f7,True,2.07,-42.5,-51.8,1470.7,42.7
jukebox-191651,El abandono,Cancion,"Abreu, Tomás R.","Abreu, Tomás R. -- Vocalist -- Tenor Vocal",1917-01-25,"venezuela, caracas",Caracas,Spanish (Venezuela); Popular music; Ethnic music,Venezuelan song,"Male vocal solo, with guitar",Victor 69636,G-1787 (Matrix ID),1,['spanish'],https://www.loc.gov/item/jukebox-191651/,https://tile.loc.gov/storage-services/master/mbrsrs/mbrsjukebox/jvm_victor_69636_01_g1787_01/jvm_victor_69636_01_g1787_01.wav,https://tile.loc.gov/storage-services/service/mbrsrs/mbrsjukebox/jvm_victor_69636_01_g1787_01/jvm_victor_69636_01_g1787_01.mp3,"Source of original recording: Johnson Victrola Museum, Delaware.","Inclusion of the recording in the National Jukebox, courtesy of Sony Music Entertainment or EMI Music","Public domain in the United States (published before 1923; Music Modernization Act, 17 U.S.C. 1401(a)(2)(B)(i))",2026-10-08T12:45:24+00:00,"Library of Congress, National Jukebox.",48a66fdf59c9637931ca2bb16559f835206fc8aefab6dcc078fcd13a5dff5f5f,True,1.17,-37.4,-42.7,436.5,52.9
jukebox-191913,La malaya,Tonada chilena,"Germaine, Haydée","Bolivar, Dionisio -- Instrumentalist -- Guitar; Germaine, Haydée -- Vocalist -- Soprano Vocal",1917-06-27,"chile, santiago",Santiago,Spanish (Chile); Popular music; Ethnic music,Chilean song,"Female vocal solo, with guitar",Victor 69857,G-2130 (Matrix ID),1,['spanish'],https://www.loc.gov/item/jukebox-191913/,https://tile.loc.gov/storage-services/master/mbrsrs/mbrsjukebox/jvm_victor_69857_01_g2130_01/jvm_victor_69857_01_g2130_01.wav,https://tile.loc.gov/storage-services/service/mbrsrs/mbrsjukebox/jvm_victor_69857_01_g2130_01/jvm_victor_69857_01_g2130_01.mp3,"Source of original recording: Johnson Victrola Museum, Delaware.","Inclusion of the recording in the National Jukebox, courtesy of Sony Music Entertainment or EMI Music","Public domain in the United States (published before 1923; Music Modernization Act, 17 U.S.C. 1401(a)(2)(B)(i))",2026-10-08T12:44:44+00:00,"Library of Congress, National Jukebox.",52666c556e19c9ec065b8b675f08cac0ae28f87696b1929ddb68cc32528efc8e,True,0.53,-41.8,-54.9,278.9,45.6
jukebox-191950,Se vá y se vá ... !,Pasacalle,"Schultze, Jorge","Schultze, Jorge -- Vocalist -- Tenor Vocal; Alurralde, Moises -- Vocalist -- Baritone Vocal; Alurralde, Moises -- Instrumentalist -- Guitar",1917-07-22,"la paz, bolivia",La Paz,Spanish (Bolivia); Ethnic music; Spanish (Bolivia),Bolivian song,"Male vocal duet, with guitar",Victor 69846,G-2173 (Matrix ID),1,['spanish'],https://www.loc.gov/item/jukebox-191950/,https://tile.loc.gov/storage-services/master/mbrsrs/mbrsjukebox/ucsb_victor_69846_01_g2173_01/ucsb_victor_69846_01_g2173_01.wav,https://tile.loc.gov/storage-services/service/mbrsrs/mbrsjukebox/ucsb_victor_69846_01_g2173_01/ucsb_victor_69846_01_g2173_01.mp3,"Source of original recording: Department of Special Collections, Davidson Library, University of California, Santa Barbara.","Inclusion of the recording in the National Jukebox, courtesy of Sony Music Entertainment or EMI Music","Public domain in the United States (published before 1923; Music Modernization Act, 17 U.S.C. 1401(a)(2)(B)(i))",2026-10-08T12:48:54+00:00,"Library of Congress, National Jukebox.",ae2fc99ae96a49224eb0adcca395a9ddc784d21a8c40150b26efa51c3f8f0331,True,1.59,-36.2,-53.5,874.9,17.8
jukebox-191978,Marcha General Pando,Marcha,Orquesta Salazar,"Salazar, Juan Cristin -- Leader -- Leader; Orquesta Salazar -- Musical Group -- Musical Group; Aranibar, S. -- Composer -- Composer",1917-07-25,"la paz, bolivia",La Paz,Spanish (Bolivia); Ethnic music; Spanish (Bolivia); Classical music,Bolivian dance orchestra,Orchestra,Victor 69846,G-2205 (Matrix ID),1,,https://www.loc.gov/item/jukebox-191978/,https://tile.loc.gov/storage-services/master/mbrsrs/mbrsjukebox/ucsb_victor_69846_01_g2205_01/ucsb_victor_69846_01_g2205_01.wav,https://tile.loc.gov/storage-services/service/mbrsrs/mbrsjukebox/ucsb_victor_69846_01_g2205_01/ucsb_victor_69846_01_g2205_01.mp3,"Source of original recording: Department of Special Collections, Davidson Library, University of California, Santa Barbara.","Inclusion of the recording in the National Jukebox, courtesy of Sony Music Entertainment or EMI Music","Public domain in the United States (published before 1923; Music Modernization Act, 17 U.S.C. 1401(a)(2)(B)(i))",2026-10-08T12:49:00+00:00,"Library of Congress, National Jukebox.",64f6c647314cf7603a32a6c7b25d33b385d4c9d7fb2ec2c6afc976972a665f09,True,0.85,-35.7,-53.0,338.2,9.5
jukebox-192010,Mariposas,,"Quesada, Irene","Duncker Lavalle, Luis -- Instrumentalist -- Piano; Duncker Lavalle, Luis -- Composer -- Composer; Quesada, Irene -- Vocalist -- Soprano Vocal",1917-08-09,"perú, arequipa",Arequipa,Spanish (Peru); Popular music; Ethnic music,Peruvian song,"Female vocal solo, with piano",Victor 72086,G-2242 (Matrix ID),1,['spanish'],https://www.loc.gov/item/jukebox-192010/,https://tile.loc.gov/storage-services/master/mbrsrs/mbrsjukebox/jvm_victor_72086_01_g2242_01/jvm_victor_72086_01_g2242_01.wav,https://tile.loc.gov/storage-services/service/mbrsrs/mbrsjukebox/jvm_victor_72086_01_g2242_01/jvm_victor_72086_01_g2242_01.mp3,"Source of original recording: Johnson Victrola Museum, Delaware.","Inclusion of the recording in the National Jukebox, courtesy of Sony Music Entertainment or EMI Music","Public domain in the United States (published before 1923; Music Modernization Act, 17 U.S.C. 1401(a)(2)(B)(i))",2026-10-08T12:49:08+00:00,"Library of Congress, National Jukebox.",b37b3f42ab859dab04411fb8e6f01a7b9f418ef7486fdb8270e4b50bb3cffccb,True,0.77,-37.9,-52.1,335.8,2.1
jukebox-192284,Tomasito,Paso doble,Cortes Y Safadí,"Cortes y Safadí -- Musical Group -- Musical Group; Safadí, Nicasio -- Instrumentalist -- Guitar; Cortés, Vidal Moises -- Instrumentalist -- Tiple; Borja, L. -- Composer -- Composer",1917-10-29,"ecuador, guayaquil",Guayaquil,Spanish (Ecuador); Ethnic music,Ecuadorian string duet,Guitar and tiple duet,Victor 72441,G-2560 (Matrix ID),1,,https://www.loc.gov/item/jukebox-192284/,https://tile.loc.gov/storage-services/master/mbrsrs/mbrsjukebox/jvm_victor_72441_01_g2560_01/jvm_victor_72441_01_g2560_01.wav,https://tile.loc.gov/storage-services/service/mbrsrs/mbrsjukebox/jvm_victor_72441_01_g2560_01/jvm_victor_72441_01_g2560_01.mp3,"Source of original recording: Johnson Victrola Museum, Delaware.","Inclusion of the recording in the National Jukebox, courtesy of Sony Music Entertainment or EMI Music","Public domain in the United States (published before 1923; Music Modernization Act, 17 U.S.C. 1401(a)(2)(B)(i))",2026-10-08T12:48:01+00:00,"Library of Congress, National Jukebox.",c45c94046476e77e0595bdecdc51c2c3b5f99c7253ca4e4c4fd0f1cfa21d76f9,True,1.91,-36.3,-38.1,1139.5,69.1
jukebox-192292,Las golondrinas,Danza,"Terán De Peralta, María","Terán de Peralta, María -- Vocalist -- Soprano Vocal",1917-10-30,"guayaquil, ecuador",Guayaquil,Spanish (Ecuador); Popular music; Ethnic music,Ecuadorian song,"Female vocal solo, with guitar",Victor 72438,G-2568 (Matrix ID),1,['spanish'],https://www.loc.gov/item/jukebox-192292/,https://tile.loc.gov/storage-services/master/mbrsrs/mbrsjukebox/jvm_victor_72438_01_g2568_01/jvm_victor_72438_01_g2568_01.wav,https://tile.loc.gov/storage-services/service/mbrsrs/mbrsjukebox/jvm_victor_72438_01_g2568_01/jvm_victor_72438_01_g2568_01.mp3,"Source of original recording: Johnson Victrola Museum, Delaware.","Inclusion of the recording in the National Jukebox, courtesy of Sony Music Entertainment or EMI Music","Public domain in the United States (published before 1923; Music Modernization Act, 17 U.S.C. 1401(a)(2)(B)(i))",2026-10-08T12:47:40+00:00,"Library of Congress, National Jukebox.",54fe7cb232264785d9fc575691ea3d93668219a062504da320b469dc1bd8e7de,True,0.73,-41.1,-48.3,354.5,64.0
jukebox-192569,Torna a Surriento,,"Bianca, Lia","De Curtis, G. B. -- Lyricist -- Lyricist; Bianca, Lia -- Vocalist -- Soprano Vocal; De Curtis, Ernesto -- Composer -- Composer",1910-03-25,"buenos aires, argentina",Buenos Aires,Italian (Neapolitan); Classical music; Italian (Neapolitan),Neapolitan song,"Female vocal solo, with orchestra",Victor 62914,R-683 (Matrix ID),[1],['italian (neapolitan)'],https://www.loc.gov/item/jukebox-192569/,https://tile.loc.gov/storage-services/master/mbrsrs/mbrsjukebox/ucsb_victor_62914_01_r683_01/ucsb_victor_62914_01_r683_01.wav,https://tile.loc.gov/storage-services/service/mbrsrs/mbrsjukebox/ucsb_victor_62914_01_r683_01/ucsb_victor_62914_01_r683_01.mp3,"Source of original recording: Department of Special Collections, Davidson Library, University of California, Santa Barbara.","Inclusion of the recording in the National Jukebox, courtesy of Sony Music Entertainment or EMI Music","Public domain in the United States (published before 1923; Music Modernization Act, 17 U.S.C. 1401(a)(2)(B)(i))",2026-10-08T12:44:13+00:00,"Library of Congress, National Jukebox.",3805fc0d8aefcda3a08d90267b11808fb7218f7bb6008131692fbed11b28214a,True,1.41,-36.0,-45.5,843.4,16.2
jukebox-200379,Paisano,San Juanito,"Calle, Manuel Jesús (el Cieguito)","Calle, Manuel Jesús (El Cieguito) -- Instrumentalist -- Rondador",1917-10-29,"guayaquil, ecuador",Guayaquil,Spanish (Ecuador); Popular music; Ethnic music,Ecuadorian song,Rondador (pan pipes) solo,Victor 72442,G-2555 (Matrix ID),1,,https://www.loc.gov/item/jukebox-200379/,https://tile.loc.gov/storage-services/master/mbrsrs/mbrsjukebox/jvm_victor_72442_01_g2555_01/jvm_victor_72442_01_g2555_01.wav,https://tile.loc.gov/storage-services/service/mbrsrs/mbrsjukebox/jvm_victor_72442_01_g2555_01/jvm_victor_72442_01_g2555_01.mp3,"Source of original recording: Johnson Victrola Museum, Delaware.","Inclusion of the recording in the National Jukebox, courtesy of Sony Music Entertainment or EMI Music","Public domain in the United States (published before 1923; Music Modernization Act, 17 U.S.C. 1401(a)(2)(B)(i))",2026-10-08T12:47:52+00:00,"Library of Congress, National Jukebox.",20b0ac9860bd2e793a43eb9752a84c4b6e209a1945c2a3739536f1e82ae9ddcd,True,0.89,-52.6,-61.4,736.6,652.9
jukebox-202039,Simpatía,Vals,Orquesta Típica Venezolana,"Orquesta Típica Venezolana -- Musical Group -- Musical Group; Briceño, Manuel -- Composer -- Composer; Briceño, Manuel -- Leader -- Leader",1917-02-02,"venezuela, caracas",Caracas,Spanish (Venezuela); Popular music; Ethnic music,Venezuelan dance orchestra,Instrumental ensemble,Victor 72691,G-1840 (Matrix ID),1,,https://www.loc.gov/item/jukebox-202039/,https://tile.loc.gov/storage-services/master/mbrsrs/mbrsjukebox/jvm_victor_72691_01_g1840_01/jvm_victor_72691_01_g1840_01.wav,https://tile.loc.gov/storage-services/service/mbrsrs/mbrsjukebox/jvm_victor_72691_01_g1840_01/jvm_victor_72691_01_g1840_01.mp3,"Source of original recording: Johnson Victrola Museum, Delaware.","Inclusion of the recording in the National Jukebox, courtesy of Sony Music Entertainment or EMI Music","Public domain in the United States (published before 1923; Music Modernization Act, 17 U.S.C. 1401(a)(2)(B)(i))",2026-10-08T12:45:30+00:00,"Library of Congress, National Jukebox.",41c8900ce45bc5385dd95e6e09fac7806ce766998e620cae9301151def13db22,True,1.03,-29.7,-31.3,784.1,3.3
jukebox-202073,Cara sucia,Tango cantado,"Riverol, Ignacio","Riverol, Ignacio -- Vocalist -- Tenor Vocal; Fresedo, Osvaldo -- Instrumentalist -- Bandoneón; Canaro, Francisco -- Composer -- Composer; Orquesta Típica Loduca -- Musical Group -- Musical Group; Loduca, Vicente -- Instrumentalist -- Bandoneón",1917-05-15,"buenos aires, argentina",Buenos Aires,Spanish (Argentina),Tango,"Male vocal solo, with instrumental ensemble",Victor 69821,G-2019 (Matrix ID),1,['spanish'],https://www.loc.gov/item/jukebox-202073/,https://tile.loc.gov/storage-services/master/mbrsrs/mbrsjukebox/jvm_victor_69821_01_g2019_01/jvm_victor_69821_01_g2019_01.wav,https://tile.loc.gov/storage-services/service/mbrsrs/mbrsjukebox/jvm_victor_69821_01_g2019_01/jvm_victor_69821_01_g2019_01.mp3,"Source of original recording: Johnson Victrola Museum, Delaware.","Inclusion of the recording in the National Jukebox, courtesy of Sony Music Entertainment or EMI Music","Public domain in the United States (published before 1923; Music Modernization Act, 17 U.S.C. 1401(a)(2)(B)(i))",2026-10-08T12:44:06+00:00,"Library of Congress, National Jukebox.",b4a7fa5a5fb76b0af681ef7656d7ef466347907ea90ff5903d0feaf4eefdd0fb,True,0.4,-43.5,-48.5,324.9,124.3
jukebox-202095,No me mires,Cueca chilena,Cuecas Chilenas,Cuecas Chilenas -- Musical Group -- Musical Group; Pan de Huevo -- Instrumentalist -- Piano,1917-06-22,"chile, santiago",Santiago,Spanish (Chile); Popular music; Ethnic music,Chilean cueca,Vocal and instrumental ensemble,Victor 72033,G-2084 (Matrix ID),2,['spanish'],https://www.loc.gov/item/jukebox-202095/,https://tile.loc.gov/storage-services/master/mbrsrs/mbrsjukebox/jvm_victor_72033_01_g2084_02/jvm_victor_72033_01_g2084_02.wav,https://tile.loc.gov/storage-services/service/mbrsrs/mbrsjukebox/jvm_victor_72033_01_g2084_02/jvm_victor_72033_01_g2084_02.mp3,"Source of original recording: Johnson Victrola Museum, Delaware.","Inclusion of the recording in the National Jukebox, courtesy of Sony Music Entertainment or EMI Music","Public domain in the United States (published before 1923; Music Modernization Act, 17 U.S.C. 1401(a)(2)(B)(i))",2026-10-08T12:44:38+00:00,"Library of Congress, National Jukebox.",ad7089dbe82167589072fef2c16bbf2918a3dc7e728a2aab2bc9cc9bed992c2e,True,1.07,-39.2,-39.7,649.4,56.0
jukebox-243821,Clave Unión,Dialogo de clave,"Colombo, Adolfo","Colombo, Adolfo -- Vocalist -- Tenor Vocal; López, Regino -- Vocalist -- Baritone Vocal",1909-02-04,"cuba, havana",Havana,Spanish (Cuba); Popular music; Ethnic music,Cuban song,"Male vocal duet, with guitar",Victor 62336,R-220 (Matrix ID),1,['spanish'],https://www.loc.gov/item/jukebox-243821/,https://tile.loc.gov/storage-services/master/mbrsrs/mbrsjukebox/jvm_victor_62336_01_r220_01/jvm_victor_62336_01_r220_01.wav,https://tile.loc.gov/storage-services/service/mbrsrs/mbrsjukebox/jvm_victor_62336_01_r220_01/jvm_victor_62336_01_r220_01.mp3,"Source of original recording: Johnson Victrola Museum, Delaware.","Inclusion of the recording in the National Jukebox, courtesy of Sony Music Entertainment or EMI Music","Public domain in the United States (published before 1923; Music Modernization Act, 17 U.S.C. 1401(a)(2)(B)(i))",2026-10-08T12:43:18+00:00,"Library of Congress, National Jukebox.",27d400e30c769d090d8c9e91ef23636487653feee29414587141ac3110ad1d02,True,0.42,-31.2,-47.1,193.3,26.8
jukebox-243879,Los tabaqueros,Danzon,Orquesta De Enrique Peña,"Orquesta de Enrique Peña -- Musical Group -- Musical Group; Peña, Enrique -- Composer -- Composer; Peña, Enrique -- Conductor -- Conductor; Peña, Enrique -- Instrumentalist -- Cornet",1909-02-01,"cuba, havana",Havana,Spanish (Cuba); Popular music; Ethnic music,Cuban dance orchestra,Orchestra,Victor 62327,R-188 (Matrix ID),1,,https://www.loc.gov/item/jukebox-243879/,https://tile.loc.gov/storage-services/master/mbrsrs/mbrsjukebox/ucsb_victor_62327_01_r188_01/ucsb_victor_62327_01_r188_01.wav,https://tile.loc.gov/storage-services/service/mbrsrs/mbrsjukebox/ucsb_victor_62327_01_r188_01/ucsb_victor_62327_01_r188_01.mp3,"Source of original recording: Department of Special Collections, Davidson Library, University of California, Santa Barbara.","Inclusion of the recording in the National Jukebox, courtesy of Sony Music Entertainment or EMI Music","Public domain in the United States (published before 1923; Music Modernization Act, 17 U.S.C. 1401(a)(2)(B)(i))",2026-10-08T12:43:31+00:00,"Library of Congress, National Jukebox.",2b97584c15076550d2d9559e7e96ce6e771984cabeb737421cad0c1f97b57003,True,0.91,-30.8,-34.0,231.8,16.9
jukebox-24786,Over there,,"Bayes, Nora","Pasternack, Josef -- Conductor -- Conductor; Bayes, Nora -- Vocalist -- Soprano Vocal; Cohan, George M. -- Lyricist -- Lyricist; Cohan, George M. -- Composer -- Composer",1917-07-13,"camden, new jersey, united states",Camden,Popular music,Popular song (WWI),"Female vocal solo, with orchestra",Victor 45130,B-20335 (Matrix ID),2,['english'],https://www.loc.gov/item/jukebox-24786/,https://tile.loc.gov/storage-services/master/mbrsrs/mbrsjukebox/ucsb_victor_45130_01_b20335_02/ucsb_victor_45130_01_b20335_02.wav,https://tile.loc.gov/storage-services/service/mbrsrs/mbrsjukebox/ucsb_victor_45130_01_b20335_02/ucsb_victor_45130_01_b20335_02.mp3,"Source of original recording: Department of Special Collections, Davidson Library, University of California, Santa Barbara.","Inclusion of the recording in the National Jukebox, courtesy of Sony Music Entertainment or EMI Music","Public domain in the United States (published before 1923; Music Modernization Act, 17 U.S.C. 1401(a)(2)(B)(i))",2026-10-08T12:41:14+00:00,"Library of Congress, National Jukebox.",5b04c6052f13c15e0d435a023854b824d4549715ee12c2f16b2f6304f2ce8524,True,2.98,-39.9,-45.0,2313.8,236.2
jukebox-250879,Red Wing,,"Macdonough, Harry","Haydn Quartet -- Vocal Group -- Vocal Group; Macdonough, Harry -- Vocalist -- Tenor Vocal; Dudley, S. H. -- Vocalist -- Baritone Vocal; Mills, Kerry -- Composer -- Composer; Chattaway, Thurland -- Lyricist -- Lyricist",1908-01-15,"new jersey, camden, united states",Camden,Popular music; Ethnic characterizations,Popular song,"Male vocal duet, with orchestra",Victor 17233,B-5023 (Matrix ID),3,['english'],https://www.loc.gov/item/jukebox-250879/,https://tile.loc.gov/storage-services/master/mbrsrs/mbrsjukebox/dlc_victor_17233_01_b5023_03/dlc_victor_17233_01_b5023_03.wav,https://tile.loc.gov/storage-services/service/mbrsrs/mbrsjukebox/dlc_victor_17233_01_b5023_03/dlc_victor_17233_01_b5023_03.mp3,"Source of original recording: Recorded Sound Section, Library of Congress.","Inclusion of the recording in the National Jukebox, courtesy of Sony Music Entertainment or EMI Music","Public domain in the United States (published before 1923; Music Modernization Act, 17 U.S.C. 1401(a)(2)(B)(i))",2026-10-08T12:38:25+00:00,"Library of Congress, National Jukebox.",cafa7cc2f47eda2b538c47ed1c8cca54b2076629ac572abaee0a0ae310ef8b54,True,2.3,-38.4,-45.9,1618.8,42.3
jukebox-28588,Tiger rag,One step,Original Dixieland Jazz Band,"LaRocca, Nick -- Instrumentalist -- Cornet; Edwards, Eddie -- Instrumentalist -- Trombone; Shields, Larry -- Instrumentalist -- Clarinet; Ragas, Henry -- Instrumentalist -- Piano; Sbarbaro, Tony -- Instrumentalist -- Traps; Original Dixieland Jazz Band -- Musical Group -- Musical Group; LaRocca, Nick -- Composer -- Composer",1918-03-25,"new york, united states",New York,"Ragtime, jazz, and more",Early jazz,Jazz/dance band,Victor 18472,B-21701 (Matrix ID),3,,https://www.loc.gov/item/jukebox-28588/,https://tile.loc.gov/storage-services/master/mbrsrs/mbrsjukebox/dlc_victor_18472_01_b21701_03/dlc_victor_18472_01_b21701_03.wav,https://tile.loc.gov/storage-services/service/mbrsrs/mbrsjukebox/dlc_victor_18472_01_b21701_03/dlc_victor_18472_01_b21701_03.mp3,"Source of original recording: Recorded Sound Section, Library of Congress.","Inclusion of the recording in the National Jukebox, courtesy of Sony Music Entertainment or EMI Music","Public domain in the United States (published before 1923; Music Modernization Act, 17 U.S.C. 1401(a)(2)(B)(i))",2026-10-08T12:41:21+00:00,"Library of Congress, National Jukebox.",859a8eac0f83266d73a64963abf342dbdca86a6a9d53c76af88512e316cf74b0,True,0.34,-28.0,-31.7,199.2,172.7
jukebox-292927,Caro nome,Rigoletto; Vnemlya imeni ego; Dearest name; Rigoletto. Caro nome; arranged,"Michailova, M. A.","Hampe, Franz -- Recordist -- Recordist; Verdi, Giuseppe -- Composer -- Composer; Michailova, M. A. -- Vocalist -- Soprano Vocal; Seidler-Winkler, Bruno -- Conductor -- Conductor",1905-12-31,"st. petersburg, russia",St. Petersburg,Opera,Opera,"Soprano vocal solo, with orchestra",Victor 61141,2918L (Matrix ID),[1],['russian'],https://www.loc.gov/item/jukebox-292927/,https://tile.loc.gov/storage-services/master/mbrsrs/mbrsjukebox/dlc_victor_61141_01_2918l_01/dlc_victor_61141_01_2918l_01.wav,https://tile.loc.gov/storage-services/service/mbrsrs/mbrsjukebox/dlc_victor_61141_01_2918l_01/dlc_victor_61141_01_2918l_01.mp3,"Source of original recording: Recorded Sound Section, Library of Congress.","Inclusion of the recording in the National Jukebox, courtesy of Sony Music Entertainment or EMI Music","Public domain in the United States (published before 1923; Music Modernization Act, 17 U.S.C. 1401(a)(2)(B)(i))",2026-10-08T12:46:55+00:00,"Library of Congress, National Jukebox.",85c43cfe534e6db5a33ce5495c0aa9f0f500e44bccf33530995e889f2e4aa14d,True,1.14,-32.9,-41.1,528.6,24.0
jukebox-301579,Lied des Hirtenknaben und Chor der Pilger,Tannhauser. Pilgerchor; Tannhauser. Frau Holde kam; Tannhauser; Shepherd's song and pilgrims' chorus,"Runge, Gertrud","Runge, Gertrud -- Vocalist -- Soprano Vocal; Nebe-Quartett -- Vocal Group -- Vocal Group; Weimarsches Vokal-Quartett -- Vocal Group -- Vocal Group; Wagner, Richard -- Composer -- Composer",1911-09-09,"berlin, germany",Berlin,Opera; German,Opera,"Soprano vocal solo, with male vocal quartet and orchestra",Victor 68352,2376c (Matrix ID),[1],['german'],https://www.loc.gov/item/jukebox-301579/,https://tile.loc.gov/storage-services/master/mbrsrs/mbrsjukebox/dlc_victor_68352_01_2376c_01/dlc_victor_68352_01_2376c_01.wav,https://tile.loc.gov/storage-services/service/mbrsrs/mbrsjukebox/dlc_victor_68352_01_2376c_01/dlc_victor_68352_01_2376c_01.mp3,"Source of original recording: Recorded Sound Section, Library of Congress.","Inclusion of the recording in the National Jukebox, courtesy of Sony Music Entertainment or EMI Music","Public domain in the United States (published before 1923; Music Modernization Act, 17 U.S.C. 1401(a)(2)(B)(i))",2026-10-08T12:45:55+00:00,"Library of Congress, National Jukebox.",906548b1b25206d3e59d2a0ca0fbbebe7a96b725c8d689b2e95d332727d8a767,True,0.83,-37.9,-53.3,459.3,12.6
jukebox-307138,Cardeal,Canconette,"Veiga, Oscar","Veiga, Oscar -- Vocalist -- Tenor Vocal; Veiga, Oscar -- Composer -- Composer",1912-04-26,"rio de janeiro, brazil",Rio de Janeiro,Portuguese (Brazil),Brazilian song,"Male vocal solo, with violão (guitar)",Victor 69233,H-749 (Matrix ID),1,['portuguese'],https://www.loc.gov/item/jukebox-307138/,https://tile.loc.gov/storage-services/master/mbrsrs/mbrsjukebox/jvm_victor_69233_01_h749_01/jvm_victor_69233_01_h749_01.wav,https://tile.loc.gov/storage-services/service/mbrsrs/mbrsjukebox/jvm_victor_69233_01_h749_01/jvm_victor_69233_01_h749_01.mp3,"Source of original recording: Johnson Victrola Museum, Delaware.","Inclusion of the recording in the National Jukebox, courtesy of Sony Music Entertainment or EMI Music","Public domain in the United States (published before 1923; Music Modernization Act, 17 U.S.C. 1401(a)(2)(B)(i))",2026-10-08T12:44:57+00:00,"Library of Congress, National Jukebox.",b56415431a40de857aeb754cdb30561c0304c5d45071a6f15c1a9e37ffac3dd2,True,0.49,-34.5,-42.4,152.9,290.6
jukebox-307261,Le rêve,Manon; Manon. En fermant les yeux je vois,"Beyle, Léon","Massenet, Jules -- Composer -- Composer; Darby, William Sinkler -- Recordist -- Recordist; Beyle, Léon -- Vocalist -- Tenor Vocal",1908-12-31,"france, paris",Paris,Opera,Opera,"Tenor vocal solo, with orchestra",Victor 45008,5628h (Matrix ID),[1],['french'],https://www.loc.gov/item/jukebox-307261/,https://tile.loc.gov/storage-services/master/mbrsrs/mbrsjukebox/dlc_victor_45008_01_5628h_01/dlc_victor_45008_01_5628h_01.wav,https://tile.loc.gov/storage-services/service/mbrsrs/mbrsjukebox/dlc_victor_45008_01_5628h_01/dlc_victor_45008_01_5628h_01.mp3,"Source of original recording: Recorded Sound Section, Library of Congress.","Inclusion of the recording in the National Jukebox, courtesy of Sony Music Entertainment or EMI Music","Public domain in the United States (published before 1923; Music Modernization Act, 17 U.S.C. 1401(a)(2)(B)(i))",2026-10-08T12:45:13+00:00,"Library of Congress, National Jukebox.",6197f50fedb69e0a6a4fa411708eca216067caca482742daf788fde8b613f0b6,True,0.24,-31.3,-52.8,142.7,10.2
jukebox-317560,Frantic,Fox trot,"Halstead, Henry","Reed, Ernie -- Instrumentalist -- Clarinet; Schilling, Ted -- Instrumentalist -- Trumpet; Flanders, Leo -- Composer -- Composer; Chanslor, Hal -- Instrumentalist -- Piano; Dugat, Ross -- Instrumentalist -- Trombone; Halstead, Henry -- Instrumentalist -- Violin; Halstead, Henry -- Leader -- Leader; Harris, Phil -- Instrumentalist -- Drums; Henry Halstead Orchestra -- Musical Group -- Musical Group; Mann, Zebe -- Instrumentalist -- Banjo; Maule, Abe -- Instrumentalist -- Clarinet; Maule, Abe -- Instrumentalist -- Violin; Maule, Abe -- Instrumentalist -- Tenor Saxophone; Moll, Chuck -- Instrumentalist -- Alto Saxophone; Moll, Chuck -- Instrumentalist -- Bass Saxophone; Moll, Chuck -- Instrumentalist -- Clarinet; Reed, Ernie -- Instrumentalist -- Alto Saxophone",1924-06-20,"california, oakland, united states",Oakland,"Ragtime, jazz, and more",Dance orchestra,Jazz/dance band,Victor 19513,PB-43 (Matrix ID),2,,https://www.loc.gov/item/jukebox-317560/,https://tile.loc.gov/storage-services/master/mbrsrs/mbrsjukebox/ucsb_victor_19513_01_pb43_02/ucsb_victor_19513_01_pb43_02.wav,https://tile.loc.gov/storage-services/service/mbrsrs/mbrsjukebox/ucsb_victor_19513_01_pb43_02/ucsb_victor_19513_01_pb43_02.mp3,"Source of original recording: Department of Special Collections, Davidson Library, University of California, Santa Barbara.","Inclusion of the recording in the National Jukebox, courtesy of Sony Music Entertainment or EMI Music",Public domain in the United States (published 1922-1925; 100-year term ended by 31 Dec 2025; 17 U.S.C. 1401(a)(2)(B)(ii)),2026-10-08T12:49:47+00:00,"Library of Congress, National Jukebox.",aeb74b8eba5663ab23b86e32b44f2ae3f340e788c62f895c3132c98f989856b8,True,1.57,-44.0,-59.6,661.5,136.8
jukebox-324371,Imitação d'um batuque africano,,"Nunes, Cezar","Nunes, Cezar -- Vocalist -- Baritone Vocal",1907-11-01,"rio de janeiro, brazil",Rio de Janeiro,Portuguese (Brazil); Popular music; Ethnic music,Brazilian song,"Male vocal solo, with guitar",Victor 69244,6-G (Matrix ID),[1],['portuguese'],https://www.loc.gov/item/jukebox-324371/,https://tile.loc.gov/storage-services/master/mbrsrs/mbrsjukebox/jvm_victor_69244_01_6g_01/jvm_victor_69244_01_6g_01.wav,https://tile.loc.gov/storage-services/service/mbrsrs/mbrsjukebox/jvm_victor_69244_01_6g_01/jvm_victor_69244_01_6g_01.mp3,"Source of original recording: Johnson Victrola Museum, Delaware.","Inclusion of the recording in the National Jukebox, courtesy of Sony Music Entertainment or EMI Music","Public domain in the United States (published before 1923; Music Modernization Act, 17 U.S.C. 1401(a)(2)(B)(i))",2026-10-08T12:44:50+00:00,"Library of Congress, National Jukebox.",bc1bcbe951d1f163dad5681c4ce86891ac7d10fbd924a7fa788887d61877cb11,True,0.49,-34.7,-42.0,214.8,177.5
jukebox-326857,Tokiwazu  Modoribashi,,Kin'nosuke,Kin'nosuke -- Vocalist -- Vocalist,1902-12-31,"japan, tokyo",Tokyo,Japanese; Ethnic music; Japanese,Japanese music,"Female vocal solo, with shamisen",Victor 11256,A-11256 (Matrix ID),[1],['japanese'],https://www.loc.gov/item/jukebox-326857/,https://tile.loc.gov/storage-services/master/mbrsrs/mbrsjukebox/ucsb_victor_11256_01_a11256_01/ucsb_victor_11256_01_a11256_01.wav,https://tile.loc.gov/storage-services/service/mbrsrs/mbrsjukebox/ucsb_victor_11256_01_a11256_01/ucsb_victor_11256_01_a11256_01.mp3,"Source of original recording: Department of Special Collections, Davidson Library, University of California, Santa Barbara.","Inclusion of the recording in the National Jukebox, courtesy of Sony Music Entertainment or EMI Music","Public domain in the United States (published before 1923; Music Modernization Act, 17 U.S.C. 1401(a)(2)(B)(i))",2026-10-08T12:46:00+00:00,"Library of Congress, National Jukebox.",d429dc7ac8683a913dd230f4ed6d0a7c0676682a902ba2c083d76e2d03310f56,True,1.67,-38.5,-47.7,820.2,21.3
jukebox-326858,Jōruri  Tsubozakadera : Sawa shinai (浄瑠璃  壷坂寺 : 澤市内),,"Toyotake, Roshō","Toyotake, Roshō -- Vocalist -- Vocalist; Gaisberg, William Conrad -- Recordist -- Recordist",1906-11-30,"japan, osaka",Osaka,Japanese; Ethnic music; Japanese,Japanese music,"Female vocal solo, with shamisen",Victor 11154,4815e (Matrix ID),[1],['japanese'],https://www.loc.gov/item/jukebox-326858/,https://tile.loc.gov/storage-services/master/mbrsrs/mbrsjukebox/ucsb_victor_11154_01_4815e_01/ucsb_victor_11154_01_4815e_01.wav,https://tile.loc.gov/storage-services/service/mbrsrs/mbrsjukebox/ucsb_victor_11154_01_4815e_01/ucsb_victor_11154_01_4815e_01.mp3,"Source of original recording: Department of Special Collections, Davidson Library, University of California, Santa Barbara.","Inclusion of the recording in the National Jukebox, courtesy of Sony Music Entertainment or EMI Music","Public domain in the United States (published before 1923; Music Modernization Act, 17 U.S.C. 1401(a)(2)(B)(i))",2026-10-08T12:46:49+00:00,"Library of Congress, National Jukebox.",98a3f6ba5308c69880b1d4c2e6fbfcc8ac5146b7fd4565589abefc27a44d871b,True,1.63,-41.0,-52.4,931.0,23.2
jukebox-327940,Minué de la sinfonia IIa,"Symphonies, H. I, 100, G major. Menuet; arranged; Menuett aus der Militar-Symphonie",Banda Del Real Cuerpo De Guardias Alabarderos De Madrid,"Haydn, Joseph -- Composer -- Composer; Banda del Real Cuerpo de Guardias Alabarderos de Madrid -- Musical Group -- Musical Group; Clarke, Arthur Spottiswoode -- Recordist -- Recordist",1909-02-06,"madrid, spain",Madrid,Spanish; Portuguese (Brazil); Classical music; Spanish; Portuguese (Brazil),Band,Band,Victor 62660,342y (Matrix ID),[1],,https://www.loc.gov/item/jukebox-327940/,https://tile.loc.gov/storage-services/master/mbrsrs/mbrsjukebox/ucsb_victor_62660_01_342y_01/ucsb_victor_62660_01_342y_01.wav,https://tile.loc.gov/storage-services/service/mbrsrs/mbrsjukebox/ucsb_victor_62660_01_342y_01/ucsb_victor_62660_01_342y_01.mp3,"Source of original recording: Department of Special Collections, Davidson Library, University of California, Santa Barbara.","Inclusion of the recording in the National Jukebox, courtesy of Sony Music Entertainment or EMI Music","Public domain in the United States (published before 1923; Music Modernization Act, 17 U.S.C. 1401(a)(2)(B)(i))",2026-10-08T12:47:15+00:00,"Library of Congress, National Jukebox.",059a478a2067a6c584a0c83f324b15d132ed398d210e61966a24673e1204eda1,True,0.71,-40.8,-61.4,369.2,27.0
jukebox-330876,Zabyty nieznia lobzania,Zabity nezhniya lobzanya; Tender embraces forgotten,"Kartaschoff, I.","Kartaschoff, I. -- Vocalist -- Baritone Vocal; Lenin, A. -- Composer -- Composer; Hampe, Franz -- Recordist -- Recordist",1908-12-31,"st. petersburg, russia",St. Petersburg,Russian; Ethnic music; Russian,Russian song,"Male vocal solo, with piano",Victor 73152,7458L (Matrix ID),[1],['english'],https://www.loc.gov/item/jukebox-330876/,https://tile.loc.gov/storage-services/master/mbrsrs/mbrsjukebox/ucsb_victor_73152_01_7458l_01/ucsb_victor_73152_01_7458l_01.wav,https://tile.loc.gov/storage-services/service/mbrsrs/mbrsjukebox/ucsb_victor_73152_01_7458l_01/ucsb_victor_73152_01_7458l_01.mp3,"Source of original recording: Department of Special Collections, Davidson Library, University of California, Santa Barbara.","Inclusion of the recording in the National Jukebox, courtesy of Sony Music Entertainment or EMI Music","Public domain in the United States (published before 1923; Music Modernization Act, 17 U.S.C. 1401(a)(2)(B)(i))",2026-10-08T12:47:02+00:00,"Library of Congress, National Jukebox.",31c125610b6f3703fb419147941f7926a82a2e0fd879a429b6626d0fe615a1fe,True,3.02,-45.2,-50.1,2758.9,137.1
jukebox-334221,String beans,Fox trot; Las judias,Montmartre Orchestra,"Montmartre Orchestra -- Musical Group -- Musical Group; Rose, Vincent -- Leader -- Leader; Rose, Vincent -- Composer -- Composer; Owens, Harry -- Composer -- Composer",1924-06-09,"california, los angeles, united states",Los Angeles,"Ragtime, jazz, and more",Dance orchestra,Jazz/dance band,Victor 19379,PB-2 (Matrix ID),1,,https://www.loc.gov/item/jukebox-334221/,https://tile.loc.gov/storage-services/master/mbrsrs/mbrsjukebox/ucsb_victor_19379_01_pb2_01/ucsb_victor_19379_01_pb2_01.wav,https://tile.loc.gov/storage-services/service/mbrsrs/mbrsjukebox/ucsb_victor_19379_01_pb2_01/ucsb_victor_19379_01_pb2_01.mp3,"Source of original recording: Department of Special Collections, Davidson Library, University of California, Santa Barbara.","Inclusion of the recording in the National Jukebox, courtesy of Sony Music Entertainment or EMI Music",Public domain in the United States (published 1922-1925; 100-year term ended by 31 Dec 2025; 17 U.S.C. 1401(a)(2)(B)(ii)),2026-10-08T12:50:41+00:00,"Library of Congress, National Jukebox.",e297f1c8033bede4d9fad8c8eb505f80897aebe132cf140872dd83f045e122ad,True,2.17,-42.5,-63.1,1906.7,524.3
jukebox-334237,Mandalay,Fox trot,Art Hickman's Orchestra,"Hickman, Art -- Leader -- Leader; Art Hickman's Orchestra -- Musical Group -- Musical Group; Burtnett, Earl -- Composer -- Composer; Burtnett, Earl -- Leader -- Leader; Lyman, Abe -- Composer -- Composer; Arnheim, Gus -- Composer -- Composer",1924-06-13,"los angeles, united states, california",Los Angeles,"Ragtime, jazz, and more",Dance orchestra,Jazz/dance band,Victor 19379,PB-20 (Matrix ID),4,,https://www.loc.gov/item/jukebox-334237/,https://tile.loc.gov/storage-services/master/mbrsrs/mbrsjukebox/ucsb_victor_19379_01_pb20_04/ucsb_victor_19379_01_pb20_04.wav,https://tile.loc.gov/storage-services/service/mbrsrs/mbrsjukebox/ucsb_victor_19379_01_pb20_04/ucsb_victor_19379_01_pb20_04.mp3,"Source of original recording: Department of Special Collections, Davidson Library, University of California, Santa Barbara.","Inclusion of the recording in the National Jukebox, courtesy of Sony Music Entertainment or EMI Music",Public domain in the United States (published 1922-1925; 100-year term ended by 31 Dec 2025; 17 U.S.C. 1401(a)(2)(B)(ii)),2026-10-08T12:50:32+00:00,"Library of Congress, National Jukebox.",47d3bbe948ae43b1b47284a7b0e381af510423370f021c86a252b12841d3e89b,True,2.52,-40.9,-59.8,1934.3,234.0
jukebox-334250,G'wan with it,Fox trot,"Burtnett, Earl","Burtnett, Earl -- Leader -- Leader; Art Hickman's Orchestra -- Musical Group -- Musical Group; Hickman, Art -- Composer -- Composer; Burtnett, Earl -- Composer -- Composer",1924-06-10,"california, los angeles, united states",Los Angeles,"Ragtime, jazz, and more",Dance orchestra,Jazz/dance band,Victor 19399,PB-6 (Matrix ID),4,,https://www.loc.gov/item/jukebox-334250/,https://tile.loc.gov/storage-services/master/mbrsrs/mbrsjukebox/ucsb_victor_19399_01_pb6_04/ucsb_victor_19399_01_pb6_04.wav,https://tile.loc.gov/storage-services/service/mbrsrs/mbrsjukebox/ucsb_victor_19399_01_pb6_04/ucsb_victor_19399_01_pb6_04.mp3,"Source of original recording: Department of Special Collections, Davidson Library, University of California, Santa Barbara.","Inclusion of the recording in the National Jukebox, courtesy of Sony Music Entertainment or EMI Music",Public domain in the United States (published 1922-1925; 100-year term ended by 31 Dec 2025; 17 U.S.C. 1401(a)(2)(B)(ii)),2026-10-08T12:50:52+00:00,"Library of Congress, National Jukebox.",29b164a89b966b61008a8aa7af38a2ecb88ef26d68fb0e3081bc62608d8d02e8,True,2.99,-37.6,-56.2,4821.9,110.1
jukebox-334419,Rip saw blues,Fox trot,Art Landry Orchestra,"Art Landry Orchestra -- Musical Group -- Musical Group; Landry, Art -- Composer -- Composer; Keys, Zip -- Composer -- Composer; Megson, Fred -- Composer -- Composer; Landry, Art -- Director -- Director",1924-06-18,"oakland, united states, california",Oakland,"Ragtime, jazz, and more; Blues",Dance orchestra,Jazz/dance band,Victor 19398,PB-33 (Matrix ID),5,,https://www.loc.gov/item/jukebox-334419/,https://tile.loc.gov/storage-services/master/mbrsrs/mbrsjukebox/ucsb_victor_19398_01_pb33_/ucsb_victor_19398_01_pb33_.wav,https://tile.loc.gov/storage-services/service/mbrsrs/mbrsjukebox/ucsb_victor_19398_01_pb33_/ucsb_victor_19398_01_pb33_.mp3,"Source of original recording: Department of Special Collections, Davidson Library, University of California, Santa Barbara.","Inclusion of the recording in the National Jukebox, courtesy of Sony Music Entertainment or EMI Music",Public domain in the United States (published 1922-1925; 100-year term ended by 31 Dec 2025; 17 U.S.C. 1401(a)(2)(B)(ii)),2026-10-08T12:49:37+00:00,"Library of Congress, National Jukebox.",a35fcf9a279878fd7ba2e40b0600262a36298e270a07eb60d4123208b8b3a8e7,True,1.68,-36.7,-52.4,630.4,19.8
jukebox-335967,Comme la plume au vent,Rigoletto; Rigoletto. Donna e mobile,"Campagnola, Léon","Scheuplein, Charles -- Recordist -- Recordist; Campagnola, Léon -- Vocalist -- Tenor Vocal; Verdi, Giuseppe -- Composer -- Composer",1911-07-08,"paris, france",Paris,Opera,Opera,"Tenor vocal solo, with orchestra",Victor 45118,16534u (Matrix ID),[1],['french'],https://www.loc.gov/item/jukebox-335967/,https://tile.loc.gov/storage-services/master/mbrsrs/mbrsjukebox/dlc_victor_45118_01_16534u_01/dlc_victor_45118_01_16534u_01.wav,https://tile.loc.gov/storage-services/service/mbrsrs/mbrsjukebox/dlc_victor_45118_01_16534u_01/dlc_victor_45118_01_16534u_01.mp3,"Source of original recording: Recorded Sound Section, Library of Congress.","Inclusion of the recording in the National Jukebox, courtesy of Sony Music Entertainment or EMI Music","Public domain in the United States (published before 1923; Music Modernization Act, 17 U.S.C. 1401(a)(2)(B)(i))",2026-10-08T12:45:18+00:00,"Library of Congress, National Jukebox.",46bc37c29fb23f80f95852ce978250aab85c476b533500d2376452cf5f8b5ce0,True,1.11,-37.1,-58.4,507.5,28.8
jukebox-339794,Bonnie sweet Bessie,,"Dolin, Max","Gilbert, James L. -- Composer -- Composer; Dolin, Max -- Instrumentalist -- Violin; Schwarzmann, A. -- Instrumentalist -- Piano",1925-01-29,"oakland, california, united states",Oakland,Ethnic music,Violin music,"Violin solo, with piano",Victor 19592,PB-67 (Matrix ID),1,,https://www.loc.gov/item/jukebox-339794/,https://tile.loc.gov/storage-services/master/mbrsrs/mbrsjukebox/ucsb_victor_19592_01_pb67_01/ucsb_victor_19592_01_pb67_01.wav,https://tile.loc.gov/storage-services/service/mbrsrs/mbrsjukebox/ucsb_victor_19592_01_pb67_01/ucsb_victor_19592_01_pb67_01.mp3,"Source of original recording: Department of Special Collections, Davidson Library, University of California, Santa Barbara.","Inclusion of the recording in the National Jukebox, courtesy of Sony Music Entertainment or EMI Music",Public domain in the United States (published 1922-1925; 100-year term ended by 31 Dec 2025; 17 U.S.C. 1401(a)(2)(B)(ii)),2026-10-08T12:50:12+00:00,"Library of Congress, National Jukebox.",7992a8af0a836a0dc4ed8917dd1d34f249937d0220e0d8430ad69e39972928cc,True,1.35,-43.7,-61.6,437.2,3.1
jukebox-340004,Dúo de Josepini y Querubini,El duo de La Africana,"Sagi-barba, Emilio","Marquina, Pascual -- Conductor -- Conductor; Scheuplein, Charles -- Recordist -- Recordist; Sagi-Barba, Emilio -- Vocalist -- Baritone Vocal; López, [?] [Madrid vocalist, 1910s] -- Vocalist -- Vocalist; Caballero, Manuel Fernández -- Composer -- Composer",1915-01-19,"madrid, spain",Madrid,Ethnic music,Zarzuela,"Vocal duet (tenor and baritone), with orchestra",Victor 45289,19007u (Matrix ID),[1],['spanish'],https://www.loc.gov/item/jukebox-340004/,https://tile.loc.gov/storage-services/master/mbrsrs/mbrsjukebox/ucsb_victor_45289_01_19007u_01/ucsb_victor_45289_01_19007u_01.wav,https://tile.loc.gov/storage-services/service/mbrsrs/mbrsjukebox/ucsb_victor_45289_01_19007u_01/ucsb_victor_45289_01_19007u_01.mp3,"Source of original recording: Department of Special Collections, Davidson Library, University of California, Santa Barbara.","Inclusion of the recording in the National Jukebox, courtesy of Sony Music Entertainment or EMI Music","Public domain in the United States (published before 1923; Music Modernization Act, 17 U.S.C. 1401(a)(2)(B)(i))",2026-10-08T12:47:08+00:00,"Library of Congress, National Jukebox.",82c113bb16759888348caa2ad707f27d725593266364ced903c1e9b845a157aa,True,1.13,-38.3,-49.3,356.4,31.1
jukebox-34232,Dardanella,Fox trot; An echo from the East,Selvin's Novelty Orchestra,"Bernard, Felix -- Composer -- Composer; Selvin, Ben -- Leader -- Leader; Black, Johnny S. -- Composer -- Composer; Selvin's Novelty Orchestra -- Musical Group -- Musical Group",1919-11-20,"new york, united states",New York,"Ragtime, jazz, and more",Dance orchestra,Jazz/dance band,Victor 18633,B-23344 (Matrix ID),3,,https://www.loc.gov/item/jukebox-34232/,https://tile.loc.gov/storage-services/master/mbrsrs/mbrsjukebox/dlc_victor_18633_01_b23344_03/dlc_victor_18633_01_b23344_03.wav,https://tile.loc.gov/storage-services/service/mbrsrs/mbrsjukebox/dlc_victor_18633_01_b23344_03/dlc_victor_18633_01_b23344_03.mp3,"Source of original recording: Recorded Sound Section, Library of Congress.","Inclusion of the recording in the National Jukebox, courtesy of Sony Music Entertainment or EMI Music","Public domain in the United States (published before 1923; Music Modernization Act, 17 U.S.C. 1401(a)(2)(B)(i))",2026-10-08T12:42:18+00:00,"Library of Congress, National Jukebox.",eb872d1783d33df8fa2b6b33341838b876e413d8f38a001182baff2a6b1db489,True,1.3,-26.8,-30.8,790.7,44.4
jukebox-37810,Whispering,Fox trot,Ambassador Orchestra,"Johnson, Theron E. ""Buster"" -- Instrumentalist -- Trombone; Ambassador Orchestra -- Musical Group -- Musical Group; Byers, Hale -- Instrumentalist -- Tenor Saxophone; Mueller, Gus -- Instrumentalist -- Alto Saxophone; Whiteman, Paul -- Instrumentalist -- Violin; Grofé, Ferde -- Instrumentalist -- Piano; Pingitore, Mike -- Instrumentalist -- Banjo; Heiss, Sammy -- Instrumentalist -- Tuba; McDonald, Harold -- Instrumentalist -- Drums; Luce, Warren -- Instrumentalist -- Slide Whistle; Grofé, Ferde -- Arranger -- Arranger; Whiteman, Paul -- Leader -- Leader; Busse, Henry -- Instrumentalist -- Trumpet; Schonberger, John -- Composer -- Composer",1920-08-23,"camden, united states, new jersey",Camden,"Ragtime, jazz, and more",Dance orchestra,Jazz/dance band,Victor 18690,B-24393 (Matrix ID),9,,https://www.loc.gov/item/jukebox-37810/,https://tile.loc.gov/storage-services/master/mbrsrs/mbrsjukebox/dlc_victor_18690_01_b24393_09/dlc_victor_18690_01_b24393_09.wav,https://tile.loc.gov/storage-services/service/mbrsrs/mbrsjukebox/dlc_victor_18690_01_b24393_09/dlc_victor_18690_01_b24393_09.mp3,"Source of original recording: Recorded Sound Section, Library of Congress.","Inclusion of the recording in the National Jukebox, courtesy of Sony Music Entertainment or EMI Music","Public domain in the United States (published before 1923; Music Modernization Act, 17 U.S.C. 1401(a)(2)(B)(i))",2026-10-08T12:42:37+00:00,"Library of Congress, National Jukebox.",2a0f774da6a91f04f02b6cdd59105693e95a72df3d8db566349b7104c3f2e595,True,2.72,-25.3,-28.0,2753.2,154.3
jukebox-40562,Ain't we got fun,Fox trot,Benson Orchestra Of Chicago,"Bargy, Roy -- Instrumentalist -- Piano; Baum, Joe -- Instrumentalist -- Violin; Carey, Guy -- Instrumentalist -- Trombone; Foeste, William -- Instrumentalist -- Tuba; Miller, Joe -- Instrumentalist -- Banjo; Thatcher, Thomas -- Instrumentalist -- Tenor Saxophone; Whiting, Richard A. -- Composer -- Composer; Benson Orchestra of Chicago -- Musical Group -- Musical Group; Bargy, Roy -- Arranger -- Arranger; Adkins, Rick -- Instrumentalist -- Trumpet; Amaturo, Matthew -- Instrumentalist -- Clarinet; Amaturo, Matthew -- Instrumentalist -- Alto Saxophone; Amaturo, Matthew -- Instrumentalist -- Soprano Saxophone; Bargy, Roy -- Leader -- Leader",1921-04-11,"chicago, illinois, united states",Chicago,"Ragtime, jazz, and more",Dance orchestra,Jazz/dance band,Victor 18757,B-25150 (Matrix ID),4,,https://www.loc.gov/item/jukebox-40562/,https://tile.loc.gov/storage-services/master/mbrsrs/mbrsjukebox/dlc_victor_18757_02_b25150_04/dlc_victor_18757_02_b25150_04.wav,https://tile.loc.gov/storage-services/service/mbrsrs/mbrsjukebox/dlc_victor_18757_02_b25150_04/dlc_victor_18757_02_b25150_04.mp3,"Source of original recording: Recorded Sound Section, Library of Congress.","Inclusion of the recording in the National Jukebox, courtesy of Sony Music Entertainment or EMI Music","Public domain in the United States (published before 1923; Music Modernization Act, 17 U.S.C. 1401(a)(2)(B)(i))",2026-10-08T12:45:08+00:00,"Library of Congress, National Jukebox.",2cbe1513668006e635e12ce871dc669ad835db064594224b551e9b77ebbf0f34,True,2.4,-33.1,-38.1,2085.6,409.7
jukebox-41556,St. Louis blues,Fox trot,Original Dixieland Jazz Band,"Handy, W. C. -- Composer -- Composer; Bernard, Al -- Vocalist -- Baritone Vocal; Handy, W. C. -- Lyricist -- Lyricist; Original Dixieland Jazz Band -- Musical Group -- Musical Group",1921-05-25,"united states, new york",New York,"Ragtime, jazz, and more; Blues",Early jazz / blues,"Jazz/dance band, with male vocal solo",Victor 18772,B-25412 (Matrix ID),2,['english'],https://www.loc.gov/item/jukebox-41556/,https://tile.loc.gov/storage-services/master/mbrsrs/mbrsjukebox/dlc_victor_18772_01_b25412_02/dlc_victor_18772_01_b25412_02.wav,https://tile.loc.gov/storage-services/service/mbrsrs/mbrsjukebox/dlc_victor_18772_01_b25412_02/dlc_victor_18772_01_b25412_02.mp3,"Source of original recording: Recorded Sound Section, Library of Congress.","Inclusion of the recording in the National Jukebox, courtesy of Sony Music Entertainment or EMI Music","Public domain in the United States (published before 1923; Music Modernization Act, 17 U.S.C. 1401(a)(2)(B)(i))",2026-10-08T12:42:44+00:00,"Library of Congress, National Jukebox.",808f119cf86d6d9533b616e9bb3c58025b6e2ccd05434527c85914e17d66638d,True,2.76,-27.3,-28.5,2899.3,357.2
jukebox-421918,El gaucho vencido,Estilo,"Pérez Freire, Osmán","Pérez Freire, Osmán -- Composer -- Composer; Pérez Freire, Osmán -- Vocalist -- Baritone Vocal",1922-06-16,"buenos aires, argentina",Buenos Aires,Spanish (Chile); Popular music; Ethnic music,Chilean song,"Male vocal solo, with piano",Victor 73485,BA-68 (Matrix ID),1,['spanish'],https://www.loc.gov/item/jukebox-421918/,https://tile.loc.gov/storage-services/master/mbrsrs/mbrsjukebox/jvm_victor_73485_01_ba68_01/jvm_victor_73485_01_ba68_01.wav,https://tile.loc.gov/storage-services/service/mbrsrs/mbrsjukebox/jvm_victor_73485_01_ba68_01/jvm_victor_73485_01_ba68_01.mp3,"Source of original recording: Johnson Victrola Museum, Delaware.","Inclusion of the recording in the National Jukebox, courtesy of Sony Music Entertainment or EMI Music",Public domain in the United States (published 1922-1925; 100-year term ended by 31 Dec 2025; 17 U.S.C. 1401(a)(2)(B)(ii)),2026-10-08T12:54:27+00:00,"Library of Congress, National Jukebox.",777bae101fc9e101d7fd892ed8b13e1935faba094bec27dbdb831993860b271b,True,0.53,-41.5,-48.8,362.8,120.9
jukebox-42639,Wabash blues,Fox trot,"Bargy, Roy","Adkins, Rick -- Instrumentalist -- Trumpet; Amaturo, Matthew -- Instrumentalist -- Clarinet; Amaturo, Matthew -- Instrumentalist -- Soprano Saxophone; Amaturo, Matthew -- Instrumentalist -- Alto Saxophone; Bargy, Roy -- Leader -- Leader; Bargy, Roy -- Instrumentalist -- Piano; Baum, Joe -- Instrumentalist -- Violin; Carey, Guy -- Instrumentalist -- Trombone; Foeste, William -- Instrumentalist -- Bass Saxophone; Layfield, Arthur -- Instrumentalist -- Drums; Miller, Joe -- Instrumentalist -- Banjo; Thatcher, Thomas -- Instrumentalist -- Tenor Saxophone; Walthall, Albert -- Instrumentalist -- Violin; Benson Orchestra of Chicago -- Musical Group -- Musical Group; Meinken, Fred -- Composer -- Composer",1921-09-29,"illinois, chicago, united states",Chicago,"Ragtime, jazz, and more; Blues",Dance orchestra,Jazz/dance band,Victor 18820,B-25703 (Matrix ID),1,,https://www.loc.gov/item/jukebox-42639/,https://tile.loc.gov/storage-services/master/mbrsrs/mbrsjukebox/dlc_victor_18820_02_b25703_01/dlc_victor_18820_02_b25703_01.wav,https://tile.loc.gov/storage-services/service/mbrsrs/mbrsjukebox/dlc_victor_18820_02_b25703_01/dlc_victor_18820_02_b25703_01.mp3,"Source of original recording: Recorded Sound Section, Library of Congress.","Inclusion of the recording in the National Jukebox, courtesy of Sony Music Entertainment or EMI Music","Public domain in the United States (published before 1923; Music Modernization Act, 17 U.S.C. 1401(a)(2)(B)(i))",2026-10-08T12:45:03+00:00,"Library of Congress, National Jukebox.",f79d0fdfdeb1d82c2cdf5d8e37aab7db482dd58872e6fd078e8e66393d4103ff,True,2.99,-25.7,-31.0,4804.0,233.3
jukebox-6171,El jarabe tapatío,Danza mexicana,"Picazo, Leopoldo","Picazo, Leopoldo -- Vocalist -- Baritone Vocal; Abrego, Jesús -- Vocalist -- Tenor Vocal",1905-07-17,"mexico city, mexico",Mexico City,Spanish (Mexico),Mexican song,"Male vocal duet, with guitar",Victor 62024,4-Z (Matrix ID),[1?],['spanish'],https://www.loc.gov/item/jukebox-6171/,https://tile.loc.gov/storage-services/master/mbrsrs/mbrsjukebox/jvm_victor_62024_01_4z_01/jvm_victor_62024_01_4z_01.wav,https://tile.loc.gov/storage-services/service/mbrsrs/mbrsjukebox/jvm_victor_62024_01_4z_01/jvm_victor_62024_01_4z_01.mp3,"Source of original recording: Johnson Victrola Museum, Delaware.","Inclusion of the recording in the National Jukebox, courtesy of Sony Music Entertainment or EMI Music","Public domain in the United States (published before 1923; Music Modernization Act, 17 U.S.C. 1401(a)(2)(B)(i))",2026-10-08T12:42:58+00:00,"Library of Congress, National Jukebox.",5cce65055fa51786243d84c3c03ddc98b671c1250ffdc856c183aa5418511551,True,0.31,-28.3,-40.1,240.1,79.5
jukebox-6392,El guajiro enamorado,,"Silveira, Martín","Silveira, Martín -- Composer -- Composer; Silveira, Martín -- Instrumentalist -- Bandurría; Silveira, Martín -- Vocalist -- Tenor Vocal",1907-03-05,"havana, cuba",Havana,Spanish (Cuba); Popular music; Ethnic music,Cuban song,"Male vocal solo, with bandurría",Victor 62257,O-18 (Matrix ID),1,['spanish'],https://www.loc.gov/item/jukebox-6392/,https://tile.loc.gov/storage-services/master/mbrsrs/mbrsjukebox/jvm_victor_62257_01_o18_01/jvm_victor_62257_01_o18_01.wav,https://tile.loc.gov/storage-services/service/mbrsrs/mbrsjukebox/jvm_victor_62257_01_o18_01/jvm_victor_62257_01_o18_01.mp3,"Source of original recording: Johnson Victrola Museum, Delaware.","Inclusion of the recording in the National Jukebox, courtesy of Sony Music Entertainment or EMI Music","Public domain in the United States (published before 1923; Music Modernization Act, 17 U.S.C. 1401(a)(2)(B)(i))",2026-10-08T12:43:24+00:00,"Library of Congress, National Jukebox.",ea117ee5a7f79f8a84d19a78c6f7876f0136b7d374480028c843e620f063ec83,True,0.74,-25.0,-32.5,378.4,174.0
jukebox-646117,Let me call you sweetheart,,Columbia Quartette,"Prince's Male Quartette -- Vocal Group -- Vocal Group; Columbia Quartette -- Vocal Group -- Vocal Group; Friedman, Leo -- Composer -- Composer; Whitson, Beth Slater -- Lyricist -- Lyricist; Regal Male Quartette [Columbia Male Quartette] -- Vocal Group -- Vocal Group",1911-07-28,"new york, united states",New York,,Popular song,"Male vocal quartet, with orchestra",Columbia A1057,19503 (Matrix ID),1,['english'],https://www.loc.gov/item/jukebox-646117/,https://tile.loc.gov/storage-services/master/mbrsrs/mbrsjukebox/ucsb_col_a1057_01_19503_01/ucsb_col_a1057_01_19503_01.wav,https://tile.loc.gov/storage-services/service/mbrsrs/mbrsjukebox/ucsb_col_a1057_01_19503_01/ucsb_col_a1057_01_19503_01.mp3,"Source of original recording: Department of Special Collections, Davidson Library, University of California, Santa Barbara.","Inclusion of the recording in the National Jukebox, courtesy of Sony Music Entertainment or EMI Music","Public domain in the United States (published before 1923; Music Modernization Act, 17 U.S.C. 1401(a)(2)(B)(i))",2026-10-08T12:39:34+00:00,"Library of Congress, National Jukebox.",68cacd47a27df00f10a81dca532f8f786a8cd2baac0818a22b6bf98cef34db10,True,3.19,-36.3,-49.6,4132.6,39.3
jukebox-649241,There's ragtime in the air,Ragtime in the air; America,Peerless Quartet,"Klein, Manuel -- Lyricist -- Lyricist; Klein, Manuel -- Composer -- Composer; Peerless Quartet -- Vocal Group -- Vocal Group",1913-10-07,"new york, united states",New York,Popular music; Musical theater,Ragtime song,"Male vocal quartet, with orchestra",Columbia A1441,39033 (Matrix ID),3,['english'],https://www.loc.gov/item/jukebox-649241/,https://tile.loc.gov/storage-services/master/mbrsrs/mbrsjukebox/ucsb_col_a1441_01_39033_03/ucsb_col_a1441_01_39033_03.wav,https://tile.loc.gov/storage-services/service/mbrsrs/mbrsjukebox/ucsb_col_a1441_01_39033_03/ucsb_col_a1441_01_39033_03.mp3,"Source of original recording: Department of Special Collections, Davidson Library, University of California, Santa Barbara.","Inclusion of the recording in the National Jukebox, courtesy of Sony Music Entertainment or EMI Music","Public domain in the United States (published before 1923; Music Modernization Act, 17 U.S.C. 1401(a)(2)(B)(i))",2026-10-08T12:39:50+00:00,"Library of Congress, National Jukebox.",725b6ea36624faee71c6a2a4712a0871feba540f313b5b50ae3f1f711a325bc4,True,3.25,-29.8,-42.3,3585.3,88.6
jukebox-6537,La paloma azul,Danza tapatia,"Abrego, Jesús","Abrego, Jesús -- Vocalist -- Tenor Vocal; Picazo, Leopoldo -- Vocalist -- Baritone Vocal",1907-07-08,"mexico city, mexico",Mexico City,Spanish (Mexico),Mexican song,"Male vocal duet, with guitar",Victor 62039,O-186 (Matrix ID),1,['spanish'],https://www.loc.gov/item/jukebox-6537/,https://tile.loc.gov/storage-services/master/mbrsrs/mbrsjukebox/jvm_victor_62039_01_o186_01/jvm_victor_62039_01_o186_01.wav,https://tile.loc.gov/storage-services/service/mbrsrs/mbrsjukebox/jvm_victor_62039_01_o186_01/jvm_victor_62039_01_o186_01.mp3,"Source of original recording: Johnson Victrola Museum, Delaware.","Inclusion of the recording in the National Jukebox, courtesy of Sony Music Entertainment or EMI Music","Public domain in the United States (published before 1923; Music Modernization Act, 17 U.S.C. 1401(a)(2)(B)(i))",2026-10-08T12:43:04+00:00,"Library of Congress, National Jukebox.",019013cbdf12526b09ded94bfaa3a5f3d5e68752060e1be61fa338b41e251edf,True,2.72,-32.1,-42.9,2487.6,133.5
jukebox-657649,Livery stable blues,Dance music : Fox trot,Handy's Orchestra,"Handy's Orchestra -- Musical Group -- Musical Group; Handy, W. C. -- Leader -- Leader; Lopez, Ray -- Composer -- Composer; Nuñez, Alcide -- Composer -- Composer",1917-09-24,"new york, united states",New York,Popular music; Blues,Early jazz / blues,Jazz/dance band,Columbia A2419,77377 (Matrix ID),1,,https://www.loc.gov/item/jukebox-657649/,https://tile.loc.gov/storage-services/master/mbrsrs/mbrsjukebox/ucsb_col_a2419_01_77377_01/ucsb_col_a2419_01_77377_01.wav,https://tile.loc.gov/storage-services/service/mbrsrs/mbrsjukebox/ucsb_col_a2419_01_77377_01/ucsb_col_a2419_01_77377_01.mp3,"Source of original recording: Department of Special Collections, Davidson Library, University of California, Santa Barbara.","Inclusion of the recording in the National Jukebox, courtesy of Sony Music Entertainment or EMI Music","Public domain in the United States (published before 1923; Music Modernization Act, 17 U.S.C. 1401(a)(2)(B)(i))",2026-10-08T12:41:07+00:00,"Library of Congress, National Jukebox.",21224debcc4f6af462eeabd31b9390a92c680b3b76550778a74d1e06ec72f081,True,3.34,-47.7,-73.2,4444.2,60.5
jukebox-6619,Lindas mexicanas,Marcha,Banda De Policía De México,"Presa, V. M. -- Conductor -- Conductor; Banda de Policía de México -- Musical Group -- Musical Group; Presa, V. M. -- Composer -- Composer",1907-07-09,"mexico city, mexico",Mexico City,Spanish (Mexico); Ethnic music; Spanish (Mexico); Classical music,Band,Band,Victor 62009,O-230 (Matrix ID),1,,https://www.loc.gov/item/jukebox-6619/,https://tile.loc.gov/storage-services/master/mbrsrs/mbrsjukebox/ucsb_victor_62009_01_o230_01/ucsb_victor_62009_01_o230_01.wav,https://tile.loc.gov/storage-services/service/mbrsrs/mbrsjukebox/ucsb_victor_62009_01_o230_01/ucsb_victor_62009_01_o230_01.mp3,"Source of original recording: Department of Special Collections, Davidson Library, University of California, Santa Barbara.","Inclusion of the recording in the National Jukebox, courtesy of Sony Music Entertainment or EMI Music","Public domain in the United States (published before 1923; Music Modernization Act, 17 U.S.C. 1401(a)(2)(B)(i))",2026-10-08T12:43:12+00:00,"Library of Congress, National Jukebox.",aab78414da74251302550760222a93d614bec4543230f02ab1e912ccb442bc24,True,1.4,-39.6,-59.9,1178.0,69.0
jukebox-670189,Down hearted blues,,"Williams, Clarence","Hunter, Alberta -- Lyricist -- Lyricist; Williams, Clarence -- Instrumentalist -- Piano; Smith, Bessie -- Vocalist -- Vocalist; Austin, Lovie -- Composer -- Composer",1923-02-15,"united states, new york",New York,Popular music; Blues,Blues,"Female vocal solo (""blues singer""), with piano",Columbia A3844,80863 (Matrix ID),5,['english'],https://www.loc.gov/item/jukebox-670189/,https://tile.loc.gov/storage-services/master/mbrsrs/mbrsjukebox/ucsb_col_a3844_01_80863_05/ucsb_col_a3844_01_80863_05.wav,https://tile.loc.gov/storage-services/service/mbrsrs/mbrsjukebox/ucsb_col_a3844_01_80863_05/ucsb_col_a3844_01_80863_05.mp3,"Source of original recording: Department of Special Collections, Davidson Library, University of California, Santa Barbara.","Inclusion of the recording in the National Jukebox, courtesy of Sony Music Entertainment or EMI Music",Public domain in the United States (published 1922-1925; 100-year term ended by 31 Dec 2025; 17 U.S.C. 1401(a)(2)(B)(ii)),2026-10-08T12:52:41+00:00,"Library of Congress, National Jukebox.",59c738efa9ff782fe64414877048e6b01016c1bd95e2800c1049c6ee5cced9fa,True,2.98,-33.8,-41.3,2421.9,228.8
jukebox-670477,Yes! We have no bananas,,Furman And Nash,"Furman and Nash -- Vocal Group -- Vocal Group; Cohn, Irving -- Songwriter -- Songwriter; Nash, William -- Vocalist -- Tenor Vocal; Furman, Eddie -- Vocalist -- Tenor Vocal; Silver, Frank -- Songwriter -- Songwriter",1923-03-31,"new york, united states",New York,,Popular song,"Male vocal duet, with orchestra",Columbia A3873,80932 (Matrix ID),1,['english'],https://www.loc.gov/item/jukebox-670477/,https://tile.loc.gov/storage-services/master/mbrsrs/mbrsjukebox/ucsb_col_a3873_01_80932_01/ucsb_col_a3873_01_80932_01.wav,https://tile.loc.gov/storage-services/service/mbrsrs/mbrsjukebox/ucsb_col_a3873_01_80932_01/ucsb_col_a3873_01_80932_01.mp3,"Source of original recording: Department of Special Collections, Davidson Library, University of California, Santa Barbara.","Inclusion of the recording in the National Jukebox, courtesy of Sony Music Entertainment or EMI Music",Public domain in the United States (published 1922-1925; 100-year term ended by 31 Dec 2025; 17 U.S.C. 1401(a)(2)(B)(ii)),2026-10-08T12:53:15+00:00,"Library of Congress, National Jukebox.",04a4451c472e72b1176f3f92b4ce61f72577737ce023e9b40e60d88abe58ffe9,True,3.26,-37.2,-51.1,3915.1,572.0
jukebox-671600,Dicty blues,Dance music : Blues fox trot,Fletcher Henderson's Orchestra,"Henderson, Fletcher -- Songwriter -- Songwriter; Fletcher Henderson's Orchestra -- Musical Group -- Musical Group; Lyons, T. -- Songwriter -- Songwriter; Henderson, Fletcher -- Leader -- Leader",1923-09-13,"new york, united states",New York,,Jazz & blues dance band,Jazz/dance band,Columbia A3995,81211 (Matrix ID),3,,https://www.loc.gov/item/jukebox-671600/,https://tile.loc.gov/storage-services/master/mbrsrs/mbrsjukebox/ucsb_col_a3995_01_81211_03/ucsb_col_a3995_01_81211_03.wav,https://tile.loc.gov/storage-services/service/mbrsrs/mbrsjukebox/ucsb_col_a3995_01_81211_03/ucsb_col_a3995_01_81211_03.mp3,"Source of original recording: Department of Special Collections, Davidson Library, University of California, Santa Barbara.","Inclusion of the recording in the National Jukebox, courtesy of Sony Music Entertainment or EMI Music",Public domain in the United States (published 1922-1925; 100-year term ended by 31 Dec 2025; 17 U.S.C. 1401(a)(2)(B)(ii)),2026-10-08T12:53:30+00:00,"Library of Congress, National Jukebox.",be391750c2342118516ccd1bfb1b855a3f7ac3ea8420ff6f4a47c90c485a62e3,True,2.61,-33.2,-35.1,2583.6,153.9
jukebox-671959,Sobbin' blues,Fox trot,Art Kahn Orchestra,"Art Kahn Orchestra -- Musical Group -- Musical Group; Kahn, Art -- Leader -- Leader; Berton, Vic -- Songwriter -- Songwriter; Kassel, Art -- Songwriter -- Songwriter",1923-10-16,"illinois, chicago, united states",Chicago,,Jazz & blues dance band,Jazz/dance band,Columbia 16D,81306 (Matrix ID),1,,https://www.loc.gov/item/jukebox-671959/,https://tile.loc.gov/storage-services/master/mbrsrs/mbrsjukebox/ucsb_col_16d_01_81306_01/ucsb_col_16d_01_81306_01.wav,https://tile.loc.gov/storage-services/service/mbrsrs/mbrsjukebox/ucsb_col_16d_01_81306_01/ucsb_col_16d_01_81306_01.mp3,"Source of original recording: Department of Special Collections, Davidson Library, University of California, Santa Barbara.","Inclusion of the recording in the National Jukebox, courtesy of Sony Music Entertainment or EMI Music",Public domain in the United States (published 1922-1925; 100-year term ended by 31 Dec 2025; 17 U.S.C. 1401(a)(2)(B)(ii)),2026-10-08T13:00:50+00:00,"Library of Congress, National Jukebox.",e31a63b28269336f5f697b5304a75758b5fda29cf9837a5fc7ebd47de181f80c,True,3.37,-46.3,-54.2,3509.2,457.0
jukebox-671987,Stack o' Lee blues,Fox trot,Frank Westphal Orchestra,"Frank Westphal Orchestra -- Musical Group -- Musical Group; Westphal, Frank -- Leader -- Leader; Lopez, Ray -- Composer -- Composer",1923-10-18,"chicago, illinois, united states",Chicago,,Jazz & blues dance band,Jazz/dance band,Columbia 32D,81315 (Matrix ID),2,,https://www.loc.gov/item/jukebox-671987/,https://tile.loc.gov/storage-services/master/mbrsrs/mbrsjukebox/ucsb_col_32d_01_81315_02/ucsb_col_32d_01_81315_02.wav,https://tile.loc.gov/storage-services/service/mbrsrs/mbrsjukebox/ucsb_col_32d_01_81315_02/ucsb_col_32d_01_81315_02.mp3,"Source of original recording: Department of Special Collections, Davidson Library, University of California, Santa Barbara.","Inclusion of the recording in the National Jukebox, courtesy of Sony Music Entertainment or EMI Music",Public domain in the United States (published 1922-1925; 100-year term ended by 31 Dec 2025; 17 U.S.C. 1401(a)(2)(B)(ii)),2026-10-08T13:00:31+00:00,"Library of Congress, National Jukebox.",5ab3e86dd199f2f2a742ba76ff93369e62d5c5c5ab59faba1d423f169af6a199,True,3.12,-39.5,-42.3,3348.4,365.9
jukebox-672272,Steppin' out,Fox trot,Ted Lewis Jazz Band,"Conrad, Con -- Songwriter -- Songwriter; Lewis, Ted -- Leader -- Leader; Ted Lewis Jazz Band -- Musical Group -- Musical Group; Howard, John S. -- Songwriter -- Songwriter",1923-12-04,"illinois, chicago, united states",Chicago,,Dance orchestra,Jazz/dance band,Columbia 48D,81382 (Matrix ID),3,,https://www.loc.gov/item/jukebox-672272/,https://tile.loc.gov/storage-services/master/mbrsrs/mbrsjukebox/ucsb_col_48d_01_81382_03/ucsb_col_48d_01_81382_03.wav,https://tile.loc.gov/storage-services/service/mbrsrs/mbrsjukebox/ucsb_col_48d_01_81382_03/ucsb_col_48d_01_81382_03.mp3,"Source of original recording: Department of Special Collections, Davidson Library, University of California, Santa Barbara.","Inclusion of the recording in the National Jukebox, courtesy of Sony Music Entertainment or EMI Music",Public domain in the United States (published 1922-1925; 100-year term ended by 31 Dec 2025; 17 U.S.C. 1401(a)(2)(B)(ii)),2026-10-08T13:01:06+00:00,"Library of Congress, National Jukebox.",11d4edabb35cd571590622c13e37f1882da475e78e7a9cef871d40fa8d2ca358,True,2.12,-44.7,-47.5,1388.0,93.7
jukebox-673150,Casey Jones,,"Puckett, Riley","Puckett, Riley -- Instrumentalist -- Guitar; Newton, Eddie -- Composer -- Composer; Puckett, Riley -- Vocalist -- Vocalist; Seibert, T. Lawrence -- Lyricist -- Lyricist",1924-03-07,"united states, georgia, atlanta",Atlanta,,Early country music,"Male vocal solo, with guitar",Columbia 113D,81605 (Matrix ID),1,['english'],https://www.loc.gov/item/jukebox-673150/,https://tile.loc.gov/storage-services/master/mbrsrs/mbrsjukebox/ucsb_col_113d_01_81605_01/ucsb_col_113d_01_81605_01.wav,https://tile.loc.gov/storage-services/service/mbrsrs/mbrsjukebox/ucsb_col_113d_01_81605_01/ucsb_col_113d_01_81605_01.mp3,"Source of original recording: Department of Special Collections, Davidson Library, University of California, Santa Barbara.","Inclusion of the recording in the National Jukebox, courtesy of Sony Music Entertainment or EMI Music",Public domain in the United States (published 1922-1925; 100-year term ended by 31 Dec 2025; 17 U.S.C. 1401(a)(2)(B)(ii)),2026-10-08T12:59:07+00:00,"Library of Congress, National Jukebox.",b6ae71529aa0665c91d24eb28f5840cc63daddff2d4993681d404686b3dc4203,True,2.49,-40.3,-46.2,2149.8,157.8
jukebox-673238,Strawberries,,"Puckett, Riley","Puckett, Riley -- Instrumentalist -- Guitar; Wilson, Fred -- Vocalist -- Vocalist; Puckett, Riley -- Vocalist -- Vocalist",1924-03-08,"georgia, atlanta, united states",Atlanta,,Early country music,"Male vocal solo (yodeling), with guitar",Columbia 220D,81632 (Matrix ID),1,['english'],https://www.loc.gov/item/jukebox-673238/,https://tile.loc.gov/storage-services/master/mbrsrs/mbrsjukebox/ucsb_col_220d_01_81632_01/ucsb_col_220d_01_81632_01.wav,https://tile.loc.gov/storage-services/service/mbrsrs/mbrsjukebox/ucsb_col_220d_01_81632_01/ucsb_col_220d_01_81632_01.mp3,"Source of original recording: Department of Special Collections, Davidson Library, University of California, Santa Barbara.","Inclusion of the recording in the National Jukebox, courtesy of Sony Music Entertainment or EMI Music",Public domain in the United States (published 1922-1925; 100-year term ended by 31 Dec 2025; 17 U.S.C. 1401(a)(2)(B)(ii)),2026-10-08T12:59:30+00:00,"Library of Congress, National Jukebox.",7bd516bf6f50114f9ac960560e14a29af62058d1d241a48818597ab255fca9d1,True,2.22,-44.0,-48.4,1746.3,127.9
jukebox-673240,Rock all our babies to sleep,,"Puckett, Riley","Puckett, Riley -- Vocalist -- Vocalist; Puckett, Riley -- Instrumentalist -- Guitar",1924-03-08,"atlanta, united states, georgia",Atlanta,,Early country music,"Male vocal solo, with fiddle (violin) and guitar",Columbia 107D,81633 (Matrix ID),1,['english'],https://www.loc.gov/item/jukebox-673240/,https://tile.loc.gov/storage-services/master/mbrsrs/mbrsjukebox/ucsb_col_107d_01_81633_01/ucsb_col_107d_01_81633_01.wav,https://tile.loc.gov/storage-services/service/mbrsrs/mbrsjukebox/ucsb_col_107d_01_81633_01/ucsb_col_107d_01_81633_01.mp3,"Source of original recording: Department of Special Collections, Davidson Library, University of California, Santa Barbara.","Inclusion of the recording in the National Jukebox, courtesy of Sony Music Entertainment or EMI Music",Public domain in the United States (published 1922-1925; 100-year term ended by 31 Dec 2025; 17 U.S.C. 1401(a)(2)(B)(ii)),2026-10-08T12:59:16+00:00,"Library of Congress, National Jukebox.",e3de7f45c7bd8a583bece8aaf866d129c795b5b45110a77c4da966dc06067bed,True,2.76,-54.9,-69.4,1987.7,21.8
jukebox-674672,Manda,The chocolate dandies; Fox trot,Fletcher Henderson's Orchestra,"Henderson, Fletcher -- Leader -- Leader; Blake, Eubie -- Composer -- Composer; Fletcher Henderson's Orchestra -- Musical Group -- Musical Group",1924-10-07,"united states, new york",New York,,Jazz & blues dance band,Jazz/dance band,Columbia 228D,140092 (Matrix ID),3,,https://www.loc.gov/item/jukebox-674672/,https://tile.loc.gov/storage-services/master/mbrsrs/mbrsjukebox/ucsb_col_228d_01_140092_03/ucsb_col_228d_01_140092_03.wav,https://tile.loc.gov/storage-services/service/mbrsrs/mbrsjukebox/ucsb_col_228d_01_140092_03/ucsb_col_228d_01_140092_03.mp3,"Source of original recording: Department of Special Collections, Davidson Library, University of California, Santa Barbara.","Inclusion of the recording in the National Jukebox, courtesy of Sony Music Entertainment or EMI Music",Public domain in the United States (published 1922-1925; 100-year term ended by 31 Dec 2025; 17 U.S.C. 1401(a)(2)(B)(ii)),2026-10-08T12:59:58+00:00,"Library of Congress, National Jukebox.",54b35f0e9fafc3eda413b511a40872a48117757d4a92261a8ac5a45302777eef,True,2.46,-39.7,-48.0,2324.7,323.1
jukebox-67472,Yes! We have no bananas,"Si, noi non abbiamo banane","Migliaccio, Eduardo (""farfariello"")","Migliaccio, Eduardo (""Farfariello"") -- Vocalist -- Baritone Vocal; Cohn, Irving -- Songwriter -- Songwriter; Silver, Frank -- Songwriter -- Songwriter; Levy, Ted -- Conductor -- Conductor; Migliaccio, Eduardo -- Translator -- Translator",1923-07-17,"new jersey, camden, united states",Camden,Italian (Neapolitan),Italian-American song,"Male vocal solo, with orchestra",Victor 73980,B-28195 (Matrix ID),2,['italian (neapolitan)'],https://www.loc.gov/item/jukebox-67472/,https://tile.loc.gov/storage-services/master/mbrsrs/mbrsjukebox/jvm_victor_73980_01_b28195_02/jvm_victor_73980_01_b28195_02.wav,https://tile.loc.gov/storage-services/service/mbrsrs/mbrsjukebox/jvm_victor_73980_01_b28195_02/jvm_victor_73980_01_b28195_02.mp3,"Source of original recording: Johnson Victrola Museum, Delaware.","Inclusion of the recording in the National Jukebox, courtesy of Sony Music Entertainment or EMI Music",Public domain in the United States (published 1922-1925; 100-year term ended by 31 Dec 2025; 17 U.S.C. 1401(a)(2)(B)(ii)),2026-10-08T12:56:41+00:00,"Library of Congress, National Jukebox.",67a60612bf0a994f23a519f283f820b6aea5209d295f59fd599790e85eaa0d8b,True,1.26,-36.3,-45.1,709.5,523.6
jukebox-675019,"If I lose, let me lose",Mama don't mind,"Jones, Maggie","Delaney, Tom -- Lyricist -- Lyricist; Henderson, Fletcher -- Instrumentalist -- Piano; Delaney, Tom -- Composer -- Composer; Armstrong, Louis -- Instrumentalist -- Cornet; Jones, Maggie -- Vocalist -- Vocalist",1924-12-17,"new york, united states",New York,,Blues,"Female vocal solo (""blues singer""), with cornet and piano",Columbia 14059D,140187 (Matrix ID),1,['english'],https://www.loc.gov/item/jukebox-675019/,https://tile.loc.gov/storage-services/master/mbrsrs/mbrsjukebox/ucsb_col_14059d_01_140187_01/ucsb_col_14059d_01_140187_01.wav,https://tile.loc.gov/storage-services/service/mbrsrs/mbrsjukebox/ucsb_col_14059d_01_140187_01/ucsb_col_14059d_01_140187_01.mp3,"Source of original recording: Department of Special Collections, Davidson Library, University of California, Santa Barbara.","Inclusion of the recording in the National Jukebox, courtesy of Sony Music Entertainment or EMI Music",Public domain in the United States (published 1922-1925; 100-year term ended by 31 Dec 2025; 17 U.S.C. 1401(a)(2)(B)(ii)),2026-10-08T13:00:15+00:00,"Library of Congress, National Jukebox.",26e14b4f6a7786a624beb3221ec5ccd724fbc9e7753317dd70dc13e67ec7d077,True,2.42,-46.6,-49.6,2350.9,95.5
jukebox-675275,When my sugar walks down the street,Fox trot,Warner's Seven Aces,"Mills, Irving -- Composer -- Composer; Warner, Byron H. -- Leader -- Leader; McHugh, Jimmy -- Composer -- Composer; Corona Dance Orchestra [Warner's Seven Aces] -- Musical Group -- Musical Group; Warner's Seven Aces -- Musical Group -- Musical Group",1925-01-28,"atlanta, georgia, united states",Atlanta,,Dance orchestra,Jazz/dance band,Columbia 305D,140286 (Matrix ID),2,,https://www.loc.gov/item/jukebox-675275/,https://tile.loc.gov/storage-services/master/mbrsrs/mbrsjukebox/ucsb_col_305d_01_140286_02/ucsb_col_305d_01_140286_02.wav,https://tile.loc.gov/storage-services/service/mbrsrs/mbrsjukebox/ucsb_col_305d_01_140286_02/ucsb_col_305d_01_140286_02.mp3,"Source of original recording: Department of Special Collections, Davidson Library, University of California, Santa Barbara.","Inclusion of the recording in the National Jukebox, courtesy of Sony Music Entertainment or EMI Music",Public domain in the United States (published 1922-1925; 100-year term ended by 31 Dec 2025; 17 U.S.C. 1401(a)(2)(B)(ii)),2026-10-08T12:59:40+00:00,"Library of Congress, National Jukebox.",e50c6e36d400b1f927575b99f3de9c9b6b85678e4e5202f5bcbbba2f04d9ee50,True,3.98,-39.2,-45.7,5478.8,755.6
jukebox-68262,It ain't gonna rain no mo',,"Hall, Wendell W.","Hall, Wendell W. -- Instrumentalist -- Ukulele; Hall, Wendell W. -- Composer -- Composer; Hall, Wendell W. -- Vocalist -- Baritone Vocal",1923-10-12,"new york, united states",New York,Humorous songs; Ethnic characterizations,Popular song,"Male vocal solo, with ukulele (self-accompaniment)",Victor 19171,B-28741 (Matrix ID),2,['english'],https://www.loc.gov/item/jukebox-68262/,https://tile.loc.gov/storage-services/master/mbrsrs/mbrsjukebox/ucsb_victor_19171_01_b28741_02/ucsb_victor_19171_01_b28741_02.wav,https://tile.loc.gov/storage-services/service/mbrsrs/mbrsjukebox/ucsb_victor_19171_01_b28741_02/ucsb_victor_19171_01_b28741_02.mp3,"Source of original recording: Department of Special Collections, Davidson Library, University of California, Santa Barbara.","Inclusion of the recording in the National Jukebox, courtesy of Sony Music Entertainment or EMI Music",Public domain in the United States (published 1922-1925; 100-year term ended by 31 Dec 2025; 17 U.S.C. 1401(a)(2)(B)(ii)),2026-10-08T12:53:05+00:00,"Library of Congress, National Jukebox.",6a52897da0a549373105f44caeadc08919c547a652cb626b1622e5653f7464f7,True,2.73,-41.0,-47.9,3097.5,336.3
jukebox-68425,Festival overture,Part 1,St. Louis Symphony Orchestra,"St. Louis Symphony Orchestra -- Musical Group -- Musical Group; Lassen, Eduard -- Composer -- Composer; Ganz, Rudolph -- Director -- Director",1923-10-30,"missouri, st. louis, united states",St. Louis,Classical music,Orchestral,Orchestra,Victor 55202,C-28857 (Matrix ID),4,,https://www.loc.gov/item/jukebox-68425/,https://tile.loc.gov/storage-services/master/mbrsrs/mbrsjukebox/ucsb_victor_55202_01_c28857_04/ucsb_victor_55202_01_c28857_04.wav,https://tile.loc.gov/storage-services/service/mbrsrs/mbrsjukebox/ucsb_victor_55202_01_c28857_04/ucsb_victor_55202_01_c28857_04.mp3,"Source of original recording: Department of Special Collections, Davidson Library, University of California, Santa Barbara.","Inclusion of the recording in the National Jukebox, courtesy of Sony Music Entertainment or EMI Music",Public domain in the United States (published 1922-1925; 100-year term ended by 31 Dec 2025; 17 U.S.C. 1401(a)(2)(B)(ii)),2026-10-08T12:51:26+00:00,"Library of Congress, National Jukebox.",71ec901b962d44339bd52aa5a27e33031ff09931855fa09e68fa7ca765f4b09d,True,1.2,-35.2,-38.0,491.6,20.3
jukebox-68428,Rustle of spring,"Fruhlingsrauschen; Stucke, piano, op. 32. Fruhlingsrauschen",St. Louis Symphony Orchestra,"St. Louis Symphony Orchestra -- Musical Group -- Musical Group; Sinding, Christian -- Composer -- Composer; Ganz, Rudolph -- Director -- Director",1923-10-31,"missouri, st. louis, united states",St. Louis,Classical music,Orchestral,Orchestra,Victor 45389,B-28859 (Matrix ID),5,,https://www.loc.gov/item/jukebox-68428/,https://tile.loc.gov/storage-services/master/mbrsrs/mbrsjukebox/ucsb_victor_45389_01_b28859_05/ucsb_victor_45389_01_b28859_05.wav,https://tile.loc.gov/storage-services/service/mbrsrs/mbrsjukebox/ucsb_victor_45389_01_b28859_05/ucsb_victor_45389_01_b28859_05.mp3,"Source of original recording: Department of Special Collections, Davidson Library, University of California, Santa Barbara.","Inclusion of the recording in the National Jukebox, courtesy of Sony Music Entertainment or EMI Music",Public domain in the United States (published 1922-1925; 100-year term ended by 31 Dec 2025; 17 U.S.C. 1401(a)(2)(B)(ii)),2026-10-08T12:51:14+00:00,"Library of Congress, National Jukebox.",c24c30796978bb87a5ffad1dd61809c2ffba3d1c9e8e1065e0b9b9badf4d3c33,True,0.75,-41.8,-62.0,240.4,2.3
jukebox-68432,Blue grass blues,Fox trot,"Silverman, Dave","Schoebel, Elmer -- Composer -- Composer; Meyers, Billy -- Composer -- Composer; Silverman, Dave -- Leader -- Leader; David H. Silverman Orchestra -- Musical Group -- Musical Group",1923-11-01,"missouri, st. louis, united states",St. Louis,"Ragtime, jazz, and more; Blues",Jazz & blues dance band,Jazz/dance band,Victor 19237,B-28863 (Matrix ID),1,,https://www.loc.gov/item/jukebox-68432/,https://tile.loc.gov/storage-services/master/mbrsrs/mbrsjukebox/ucsb_victor_19237_01_b28863_01/ucsb_victor_19237_01_b28863_01.wav,https://tile.loc.gov/storage-services/service/mbrsrs/mbrsjukebox/ucsb_victor_19237_01_b28863_01/ucsb_victor_19237_01_b28863_01.mp3,"Source of original recording: Department of Special Collections, Davidson Library, University of California, Santa Barbara.","Inclusion of the recording in the National Jukebox, courtesy of Sony Music Entertainment or EMI Music",Public domain in the United States (published 1922-1925; 100-year term ended by 31 Dec 2025; 17 U.S.C. 1401(a)(2)(B)(ii)),2026-10-08T12:51:02+00:00,"Library of Congress, National Jukebox.",d80e84f7f5ae6be3c82e62da0385777720a103f7b895e46561f9d2e5bcaa6bd1,True,2.05,-47.4,-72.7,1609.0,125.6
jukebox-6939,Suspiros de España,Danzon,Orquesta Tizol,"Hernández, Rafael -- Instrumentalist -- Violin; Duchesne, Rafael Y. -- Composer -- Composer; Orquesta Tizol -- Musical Group -- Musical Group; Tizol, Manuel -- Leader -- Leader; Andino, Julian -- Instrumentalist -- Violin; Tizol, Juan -- Instrumentalist -- Baritone Horn; Tizol, Francisco (Paco) -- Instrumentalist -- Cello",1917-01-10,"puerto rico, san juan, united states",San Juan,Spanish (Puerto Rico); Popular music; Ethnic music,Puerto Rican dance orchestra,Orchestra,Victor 68491,K-1730 (Matrix ID),1,,https://www.loc.gov/item/jukebox-6939/,https://tile.loc.gov/storage-services/master/mbrsrs/mbrsjukebox/jvm_victor_68491_01_k1730_01/jvm_victor_68491_01_k1730_01.wav,https://tile.loc.gov/storage-services/service/mbrsrs/mbrsjukebox/jvm_victor_68491_01_k1730_01/jvm_victor_68491_01_k1730_01.mp3,"Source of original recording: Johnson Victrola Museum, Delaware.","Inclusion of the recording in the National Jukebox, courtesy of Sony Music Entertainment or EMI Music","Public domain in the United States (published before 1923; Music Modernization Act, 17 U.S.C. 1401(a)(2)(B)(i))",2026-10-08T12:45:46+00:00,"Library of Congress, National Jukebox.",e282a2225df47e05fccfa19acb8f3a1083c8f728c59ac30aea8f5cb47bbefa12,True,2.2,-30.2,-33.3,1941.9,67.9
jukebox-69781,In the evening,Por la noche; Fox trot,Jean Goldkette Orchestra,"Goldkette, Jean -- Leader -- Leader; Donaldson, Walter -- Composer -- Composer; Jean Goldkette Orchestra -- Musical Group -- Musical Group",1924-03-27,"michigan, detroit, united states",Detroit,"Ragtime, jazz, and more",Dance orchestra,Jazz/dance band,Victor 19308,B-29807 (Matrix ID),3,,https://www.loc.gov/item/jukebox-69781/,https://tile.loc.gov/storage-services/master/mbrsrs/mbrsjukebox/ucsb_victor_19308_01_b29807_03/ucsb_victor_19308_01_b29807_03.wav,https://tile.loc.gov/storage-services/service/mbrsrs/mbrsjukebox/ucsb_victor_19308_01_b29807_03/ucsb_victor_19308_01_b29807_03.mp3,"Source of original recording: Department of Special Collections, Davidson Library, University of California, Santa Barbara.","Inclusion of the recording in the National Jukebox, courtesy of Sony Music Entertainment or EMI Music",Public domain in the United States (published 1922-1925; 100-year term ended by 31 Dec 2025; 17 U.S.C. 1401(a)(2)(B)(ii)),2026-10-08T12:51:44+00:00,"Library of Congress, National Jukebox.",bd83e86b64b2f6912b6089af846623008f191d9ba2a396ff2e4815b0543f443d,True,2.97,-45.0,-65.7,3238.6,221.3
jukebox-69787,It's the blues,Number 14 blues; Fox trot; Son los blues,Jean Goldkette Orchestra,"Goldkette, Jean -- Leader -- Leader; Jean Goldkette Orchestra -- Musical Group -- Musical Group; Goldkette, Jean -- Composer -- Composer; Crozier, Georges -- Composer -- Composer",1924-03-27,"michigan, detroit, united states",Detroit,"Ragtime, jazz, and more; Blues",Jazz & blues dance band,Jazz/dance band,Victor 19600,B-29810 (Matrix ID),2,,https://www.loc.gov/item/jukebox-69787/,https://tile.loc.gov/storage-services/master/mbrsrs/mbrsjukebox/ucsb_victor_19600_01_b29810_02/ucsb_victor_19600_01_b29810_02.wav,https://tile.loc.gov/storage-services/service/mbrsrs/mbrsjukebox/ucsb_victor_19600_01_b29810_02/ucsb_victor_19600_01_b29810_02.mp3,"Source of original recording: Department of Special Collections, Davidson Library, University of California, Santa Barbara.","Inclusion of the recording in the National Jukebox, courtesy of Sony Music Entertainment or EMI Music",Public domain in the United States (published 1922-1925; 100-year term ended by 31 Dec 2025; 17 U.S.C. 1401(a)(2)(B)(ii)),2026-10-08T12:51:54+00:00,"Library of Congress, National Jukebox.",d330ebc7a541498ac6c989b81ea060f58b5de255dc802ac1abb42e7534a62e0f,True,1.58,-45.6,-66.3,1183.7,111.6
jukebox-69817,Night hawk blues,Fox trot; Blues de los parranderos,Coon-sanders Original Nighthawk Orchestra,"Coon, Carleton A. -- Vocalist -- Tenor Vocal; Coon, Carleton A. -- Instrumentalist -- Drums; Sanders, Joe -- Vocalist -- Tenor Vocal; Coon-Sanders Original Nighthawk Orchestra -- Musical Group -- Musical Group; Sanders, Joe -- Instrumentalist -- Piano; Sanders, Joe -- Composer -- Composer",1924-04-05,"missouri, kansas city, united states",Kansas City,"Ragtime, jazz, and more; Blues",Jazz & blues dance band,"Jazz/dance band, with male vocal duet",Victor 19316,B-29837 (Matrix ID),3,['english'],https://www.loc.gov/item/jukebox-69817/,https://tile.loc.gov/storage-services/master/mbrsrs/mbrsjukebox/ucsb_victor_19316_01_b29837_03/ucsb_victor_19316_01_b29837_03.wav,https://tile.loc.gov/storage-services/service/mbrsrs/mbrsjukebox/ucsb_victor_19316_01_b29837_03/ucsb_victor_19316_01_b29837_03.mp3,"Source of original recording: Department of Special Collections, Davidson Library, University of California, Santa Barbara.","Inclusion of the recording in the National Jukebox, courtesy of Sony Music Entertainment or EMI Music",Public domain in the United States (published 1922-1925; 100-year term ended by 31 Dec 2025; 17 U.S.C. 1401(a)(2)(B)(ii)),2026-10-08T12:52:06+00:00,"Library of Congress, National Jukebox.",124b08e5886fda66131cfdd319f6545920e21f575323ae1b788e4c7742667790,True,1.7,-45.7,-64.9,875.2,209.9
jukebox-69818,Red hot mamma,Fox trot,Coon-sanders Original Nighthawk Orchestra,"Coon, Carleton A. -- Vocalist -- Tenor Vocal; Sanders, Joe -- Vocalist -- Tenor Vocal; Coon, Carleton A. -- Instrumentalist -- Drums; Cooper, Bud -- Songwriter -- Songwriter; Rose, Fred -- Songwriter -- Songwriter; Wells, Gilbert -- Songwriter -- Songwriter; Coon-Sanders Original Nighthawk Orchestra -- Musical Group -- Musical Group; Sanders, Joe -- Instrumentalist -- Piano",1924-04-06,"missouri, kansas city, united states",Kansas City,"Ragtime, jazz, and more",Dance orchestra,"Jazz/dance band, with male vocal duet",Victor 19316,B-29838 (Matrix ID),3,['english'],https://www.loc.gov/item/jukebox-69818/,https://tile.loc.gov/storage-services/master/mbrsrs/mbrsjukebox/ucsb_victor_19316_01_b29838_03/ucsb_victor_19316_01_b29838_03.wav,https://tile.loc.gov/storage-services/service/mbrsrs/mbrsjukebox/ucsb_victor_19316_01_b29838_03/ucsb_victor_19316_01_b29838_03.mp3,"Source of original recording: Department of Special Collections, Davidson Library, University of California, Santa Barbara.","Inclusion of the recording in the National Jukebox, courtesy of Sony Music Entertainment or EMI Music",Public domain in the United States (published 1922-1925; 100-year term ended by 31 Dec 2025; 17 U.S.C. 1401(a)(2)(B)(ii)),2026-10-08T12:52:22+00:00,"Library of Congress, National Jukebox.",49ef0b7f1cd0798e1c142208b51977ffb91319e72ff4ed550ff518aedfc2973f,True,1.83,-46.8,-65.6,1265.0,291.2
jukebox-70342,"Rhapsody in blue, part 1",,"Gershwin, George","Whiteman, Paul -- Leader -- Leader; Gershwin, George -- Composer -- Composer; Gershwin, George -- Instrumentalist -- Piano; Grofé, Ferde -- Arranger -- Arranger; Paul Whiteman Concert Orchestra -- Musical Group -- Musical Group",1924-06-10,"united states, new york",New York,"Classical music; Ragtime, jazz, and more",Orchestral jazz,Orchestra and piano soloist,Victor 55225,C-30174 (Matrix ID),1,,https://www.loc.gov/item/jukebox-70342/,https://tile.loc.gov/storage-services/master/mbrsrs/mbrsjukebox/ucsb_victor_55225_01_c30174_01/ucsb_victor_55225_01_c30174_01.wav,https://tile.loc.gov/storage-services/service/mbrsrs/mbrsjukebox/ucsb_victor_55225_01_c30174_01/ucsb_victor_55225_01_c30174_01.mp3,"Source of original recording: Department of Special Collections, Davidson Library, University of California, Santa Barbara.","Inclusion of the recording in the National Jukebox, courtesy of Sony Music Entertainment or EMI Music",Public domain in the United States (published 1922-1925; 100-year term ended by 31 Dec 2025; 17 U.S.C. 1401(a)(2)(B)(ii)),2026-10-08T12:52:31+00:00,"Library of Congress, National Jukebox.",a42b54cfa84570ce45e9980f7febc539cf1aa748c40c50fd7e5df8ccf356bcdd,True,1.73,-40.8,-66.0,940.8,71.5
jukebox-7062,Cuando pasés cerca mío,Aire provinciano,"Maciel, Enrique","Maciel, Enrique -- Instrumentalist -- Guitar; Alonso y Trelles, José -- Author -- Author; Feria, Néstor -- Vocalist -- Tenor Vocal; Goyeche, Ítalo -- Vocalist -- Baritone Vocal; Camus, José -- Composer -- Composer",1922-03-27,"buenos aires, argentina",Buenos Aires,Spanish (Argentina); Popular music; Ethnic music,Argentine song,"Male vocal duet, with 4 guitars",Victor 73324,BA-38 (Matrix ID),2,['spanish'],https://www.loc.gov/item/jukebox-7062/,https://tile.loc.gov/storage-services/master/mbrsrs/mbrsjukebox/jvm_victor_73324_01_ba38_02/jvm_victor_73324_01_ba38_02.wav,https://tile.loc.gov/storage-services/service/mbrsrs/mbrsjukebox/jvm_victor_73324_01_ba38_02/jvm_victor_73324_01_ba38_02.mp3,"Source of original recording: Johnson Victrola Museum, Delaware.","Inclusion of the recording in the National Jukebox, courtesy of Sony Music Entertainment or EMI Music",Public domain in the United States (published 1922-1925; 100-year term ended by 31 Dec 2025; 17 U.S.C. 1401(a)(2)(B)(ii)),2026-10-08T12:54:18+00:00,"Library of Congress, National Jukebox.",90967e0d88eeaf226d9b8a95322fc37f38c0eb635ea6941f3f3e0a9730bc0867,True,1.08,-38.0,-52.6,436.0,37.2
jukebox-7072,Snobismo,Tango,Orquesta Típica Fresedo,"Fresedo, Osvaldo -- Leader -- Leader; Cobián, Juan Carlos -- Composer -- Composer; Orquesta Típica Fresedo -- Musical Group -- Musical Group",1922-05-20,"buenos aires, argentina",Buenos Aires,Spanish (Argentina); Ethnic music; Spanish (Argentina),Tango,Instrumental ensemble,Victor 73367,BA-48 (Matrix ID),1,,https://www.loc.gov/item/jukebox-7072/,https://tile.loc.gov/storage-services/master/mbrsrs/mbrsjukebox/ucsb_victor_73367_01_ba48_01/ucsb_victor_73367_01_ba48_01.wav,https://tile.loc.gov/storage-services/service/mbrsrs/mbrsjukebox/ucsb_victor_73367_01_ba48_01/ucsb_victor_73367_01_ba48_01.mp3,"Source of original recording: Department of Special Collections, Davidson Library, University of California, Santa Barbara.","Inclusion of the recording in the National Jukebox, courtesy of Sony Music Entertainment or EMI Music",Public domain in the United States (published 1922-1925; 100-year term ended by 31 Dec 2025; 17 U.S.C. 1401(a)(2)(B)(ii)),2026-10-08T12:54:06+00:00,"Library of Congress, National Jukebox.",e53927b25f1caa79c3fbe1a0a5afc2ec9335fd491325e80b25f554d31378d596,True,2.83,-33.8,-54.3,2161.7,2.9
jukebox-70956,Wreck of the Old 97,Mountaineer's song,"Dalhart, Vernon","Robison, Carson -- Instrumentalist -- Guitar; Dalhart, Vernon -- Vocalist -- Tenor Vocal",1924-08-13,"united states, new york",New York,Traditional/Country,Early country music,"Male vocal solo, with guitar and harmonica",Victor 19427,B-30632 (Matrix ID),1,['english'],https://www.loc.gov/item/jukebox-70956/,https://tile.loc.gov/storage-services/master/mbrsrs/mbrsjukebox/ucsb_victor_19427_01_b30632_01/ucsb_victor_19427_01_b30632_01.wav,https://tile.loc.gov/storage-services/service/mbrsrs/mbrsjukebox/ucsb_victor_19427_01_b30632_01/ucsb_victor_19427_01_b30632_01.mp3,"Source of original recording: Department of Special Collections, Davidson Library, University of California, Santa Barbara.","Inclusion of the recording in the National Jukebox, courtesy of Sony Music Entertainment or EMI Music",Public domain in the United States (published 1922-1925; 100-year term ended by 31 Dec 2025; 17 U.S.C. 1401(a)(2)(B)(ii)),2026-10-08T12:52:53+00:00,"Library of Congress, National Jukebox.",d994b48ce11b6fe646cd220be0f86cab1ad8b969ee6c9753b9ccfc46ef0cb7cd,True,1.65,-53.3,-70.9,465.1,56.9
jukebox-728239,Let it alone,Abyssinia,"Williams, Bert","Williams, Bert -- Vocalist -- Baritone Vocal; Williams, Bert -- Composer -- Composer; Rogers, Alex -- Lyricist -- Lyricist",1906-11-30,"new york, united states",New York,,Popular song / vaudeville,"Male vocal solo, with orchestra",Columbia 3504,3504 (Matrix ID),2,['english'],https://www.loc.gov/item/jukebox-728239/,https://tile.loc.gov/storage-services/master/mbrsrs/mbrsjukebox/ucsb_col_3504_01_t3504_02/ucsb_col_3504_01_t3504_02.wav,https://tile.loc.gov/storage-services/service/mbrsrs/mbrsjukebox/ucsb_col_3504_01_t3504_02/ucsb_col_3504_01_t3504_02.mp3,"Source of original recording: Department of Special Collections, Davidson Library, University of California, Santa Barbara.","Inclusion of the recording in the National Jukebox, courtesy of Sony Music Entertainment or EMI Music","Public domain in the United States (published before 1923; Music Modernization Act, 17 U.S.C. 1401(a)(2)(B)(i))",2026-10-08T12:37:39+00:00,"Library of Congress, National Jukebox.",5f767cceda772599d4014dc20f19d58ec8af80e0cca5a192655cca0e33c3b6f2,True,2.91,-32.7,-47.5,4601.5,432.1
jukebox-730655,Take me out to the ball game,,"Hindermyer, Harvey","Von Tilzer, Albert -- Composer -- Composer; Norworth, Jack -- Lyricist -- Lyricist; Hindermyer, Harvey -- Vocalist -- Tenor Vocal",1908-07-31,"united states, new york",New York,,Popular song,"Male vocal solo, with orchestra",Columbia 3917,3917 (Matrix ID),2,['english'],https://www.loc.gov/item/jukebox-730655/,https://tile.loc.gov/storage-services/master/mbrsrs/mbrsjukebox/ucsb_col_3917_01_t3917_02/ucsb_col_3917_01_t3917_02.wav,https://tile.loc.gov/storage-services/service/mbrsrs/mbrsjukebox/ucsb_col_3917_01_t3917_02/ucsb_col_3917_01_t3917_02.mp3,"Source of original recording: Department of Special Collections, Davidson Library, University of California, Santa Barbara.","Inclusion of the recording in the National Jukebox, courtesy of Sony Music Entertainment or EMI Music","Public domain in the United States (published before 1923; Music Modernization Act, 17 U.S.C. 1401(a)(2)(B)(i))",2026-10-08T12:38:20+00:00,"Library of Congress, National Jukebox.",231bb1218b135964627f5e714873e3eabea1877134c81edfaf60df77638c6519,True,2.43,-30.7,-40.6,2296.8,80.2
jukebox-745838,"El albanico, El albanico : Marcha",March,Regt. Band Of H. M. Scots Guards,"Ord Hume, J. -- Arranger -- Arranger; Javaloyes, Alfredo -- Composer -- Composer; Wood, Frederick W. -- Conductor -- Conductor; Regt. Band of H. M. Scots Guards -- Musical Group -- Musical Group; Palace Guards Band -- Musical Group -- Musical Group; Banda Municipal de Milán [Regt. Band of H. M. Scots Guards] -- Musical Group -- Musical Group",1911-12-31,"london, united kingdom",London,Scottish; Spanish; Popular music,Band,Band,Columbia A1398,27678 (Matrix ID),2,,https://www.loc.gov/item/jukebox-745838/,https://tile.loc.gov/storage-services/master/mbrsrs/mbrsjukebox/ucsb_col_a1398_01_27678_02/ucsb_col_a1398_01_27678_02.wav,https://tile.loc.gov/storage-services/service/mbrsrs/mbrsjukebox/ucsb_col_a1398_01_27678_02/ucsb_col_a1398_01_27678_02.mp3,"Source of original recording: Department of Special Collections, Davidson Library, University of California, Santa Barbara.","Inclusion of the recording in the National Jukebox, courtesy of Sony Music Entertainment or EMI Music","Public domain in the United States (published before 1923; Music Modernization Act, 17 U.S.C. 1401(a)(2)(B)(i))",2026-10-08T12:43:59+00:00,"Library of Congress, National Jukebox.",26c5de6c3c0e19d0a49dccb459fe4ff46b50f854994a53904176a77f39a6215f,True,2.44,-38.4,-53.9,2298.3,27.5
jukebox-745857,Terence's farewell to Kathleen,,"Thomas, William","Thomas, William -- Vocalist -- Tenor Vocal",1912-12-31,"london, united kingdom",London,Popular music; Ethnic music,Irish song,"Male vocal solo, with orchestra",Columbia A1385,28268 (Matrix ID),1,['english'],https://www.loc.gov/item/jukebox-745857/,https://tile.loc.gov/storage-services/master/mbrsrs/mbrsjukebox/ucsb_col_a1385_01_28268_01/ucsb_col_a1385_01_28268_01.wav,https://tile.loc.gov/storage-services/service/mbrsrs/mbrsjukebox/ucsb_col_a1385_01_28268_01/ucsb_col_a1385_01_28268_01.mp3,"Source of original recording: Department of Special Collections, Davidson Library, University of California, Santa Barbara.","Inclusion of the recording in the National Jukebox, courtesy of Sony Music Entertainment or EMI Music","Public domain in the United States (published before 1923; Music Modernization Act, 17 U.S.C. 1401(a)(2)(B)(i))",2026-10-08T12:43:52+00:00,"Library of Congress, National Jukebox.",0ef849bd303b5af035e9350c55d5f5727567696d25ce1080e11a765587ccc9f3,True,4.2,-38.6,-56.9,6730.5,111.0
jukebox-772838,Habanera,Carmen; Carmen. Habanera,"Cisneros, Eleanora De","Bizet, Georges -- Composer -- Composer; Cisneros, Eleanora de -- Vocalist -- Mezzo-Soprano",1908-12-31,"italy, milan",Milan,,Opera,Female vocal solo,Columbia 10198,10198 (Matrix ID),1,['spanish'],https://www.loc.gov/item/jukebox-772838/,https://tile.loc.gov/storage-services/master/mbrsrs/mbrsjukebox/ucsb_col_10198_01_10198_01/ucsb_col_10198_01_10198_01.wav,https://tile.loc.gov/storage-services/service/mbrsrs/mbrsjukebox/ucsb_col_10198_01_10198_01/ucsb_col_10198_01_10198_01.mp3,"Source of original recording: Department of Special Collections, Davidson Library, University of California, Santa Barbara.","Inclusion of the recording in the National Jukebox, courtesy of Sony Music Entertainment or EMI Music","Public domain in the United States (published before 1923; Music Modernization Act, 17 U.S.C. 1401(a)(2)(B)(i))",2026-10-08T12:43:36+00:00,"Library of Congress, National Jukebox.",71e0c3c97c879dc578295ba6dfcd879a34a60795fe4ffdac81eb3070125a066a,True,1.76,-44.8,-58.4,685.7,9.9
jukebox-8025,Son oriental,Rumba,"Martínez, Pedro","Villalón Morales, Alberto -- Composer -- Composer; Martínez, Pedro -- Vocalist -- Baritone Vocal; De la Cruz, Juan -- Vocalist -- Tenor Vocal; Villalón Morales, Alberto -- Instrumentalist -- Guitar",1923-03-09,"cuba, havana",Havana,Spanish (Cuba),Cuban son,"Male vocal duet, with guitar",Victor 77089,G-2935 (Matrix ID),2,['spanish'],https://www.loc.gov/item/jukebox-8025/,https://tile.loc.gov/storage-services/master/mbrsrs/mbrsjukebox/jvm_victor_77089_01_g2935_02/jvm_victor_77089_01_g2935_02.wav,https://tile.loc.gov/storage-services/service/mbrsrs/mbrsjukebox/jvm_victor_77089_01_g2935_02/jvm_victor_77089_01_g2935_02.mp3,"Source of original recording: Johnson Victrola Museum, Delaware.","Inclusion of the recording in the National Jukebox, courtesy of Sony Music Entertainment or EMI Music",Public domain in the United States (published 1922-1925; 100-year term ended by 31 Dec 2025; 17 U.S.C. 1401(a)(2)(B)(ii)),2026-10-08T12:54:43+00:00,"Library of Congress, National Jukebox.",25d970ac06bd84734869e7aae5979784ce2aea4c2895c041f6e3c2282229bffe,True,1.72,-38.0,-43.7,1155.7,177.7
jukebox-8027,Novia manzanillera,Son alegre,Cuarteto Cruz,Cuarteto Cruz -- Vocal Group -- Vocal Group,1923-03-09,"havana, cuba",Havana,Spanish (Cuba),Cuban song,"Male vocal quartet, with guitar and orchestra",Victor 77088,G-2937 (Matrix ID),2,['spanish'],https://www.loc.gov/item/jukebox-8027/,https://tile.loc.gov/storage-services/master/mbrsrs/mbrsjukebox/jvm_victor_77088_01_g2937_02/jvm_victor_77088_01_g2937_02.wav,https://tile.loc.gov/storage-services/service/mbrsrs/mbrsjukebox/jvm_victor_77088_01_g2937_02/jvm_victor_77088_01_g2937_02.mp3,"Source of original recording: Johnson Victrola Museum, Delaware.","Inclusion of the recording in the National Jukebox, courtesy of Sony Music Entertainment or EMI Music",Public domain in the United States (published 1922-1925; 100-year term ended by 31 Dec 2025; 17 U.S.C. 1401(a)(2)(B)(ii)),2026-10-08T12:54:59+00:00,"Library of Congress, National Jukebox.",9173d3479ed15b7c69622118ef6737c794db907ccd26de20c109ad1a0f209f33,True,1.5,-29.8,-38.7,431.2,18.4
jukebox-8045,"Amar, eso es todo",Bolero,"Montaner, Rita","Delfín, Eusebio -- Composer -- Composer; Montaner, Rita -- Vocalist -- Soprano Vocal; Delfín, Eusebio -- Vocalist -- Baritone Vocal; Delfín, Eusebio -- Instrumentalist -- Guitar",1923-03-15,"cuba, havana",Havana,Spanish (Cuba); Popular music; Ethnic music,Cuban song,"Female-male vocal duet, with guitar",Victor 73879,G-2955 (Matrix ID),1,['spanish'],https://www.loc.gov/item/jukebox-8045/,https://tile.loc.gov/storage-services/master/mbrsrs/mbrsjukebox/jvm_victor_73879_01_g2955_01/jvm_victor_73879_01_g2955_01.wav,https://tile.loc.gov/storage-services/service/mbrsrs/mbrsjukebox/jvm_victor_73879_01_g2955_01/jvm_victor_73879_01_g2955_01.mp3,"Source of original recording: Johnson Victrola Museum, Delaware.","Inclusion of the recording in the National Jukebox, courtesy of Sony Music Entertainment or EMI Music",Public domain in the United States (published 1922-1925; 100-year term ended by 31 Dec 2025; 17 U.S.C. 1401(a)(2)(B)(ii)),2026-10-08T12:55:12+00:00,"Library of Congress, National Jukebox.",4c738bde70b182adefa99171fdfad4a8ec5c565b6fd6ff0a0c6f2eb852f27b8d,True,1.23,-39.9,-55.0,682.6,21.1
jukebox-8066,El limoncito,Son abajerio; Son abajeno,Quiroz Y Muñoz,"Quiroz y Muñoz -- Vocal Group -- Vocal Group; Muñoz, J. -- Instrumentalist -- Guitar; Quiroz, Salvador -- Vocalist -- Tenor Vocal; Muñoz, J. -- Vocalist -- Vocalist",1923-03-23,"mexico city, mexico",Mexico City,Spanish (Mexico); Spanish (Cuba); Popular music; Ethnic music,Mexican song,"Male vocal duet, with guitar",Victor 73888,G-2977 (Matrix ID),2,['spanish'],https://www.loc.gov/item/jukebox-8066/,https://tile.loc.gov/storage-services/master/mbrsrs/mbrsjukebox/jvm_victor_73888_01_g2977_02/jvm_victor_73888_01_g2977_02.wav,https://tile.loc.gov/storage-services/service/mbrsrs/mbrsjukebox/jvm_victor_73888_01_g2977_02/jvm_victor_73888_01_g2977_02.mp3,"Source of original recording: Johnson Victrola Museum, Delaware.","Inclusion of the recording in the National Jukebox, courtesy of Sony Music Entertainment or EMI Music",Public domain in the United States (published 1922-1925; 100-year term ended by 31 Dec 2025; 17 U.S.C. 1401(a)(2)(B)(ii)),2026-10-08T12:56:24+00:00,"Library of Congress, National Jukebox.",d15a20af17aff4c74f9cc1496efe700013744d92fc8deb9c9df5b2479d862013,True,1.39,-29.1,-37.3,735.1,48.7
jukebox-817339,Swanee,,"Jolson, Al","Caesar, Irving -- Lyricist -- Lyricist; Gershwin, George -- Composer -- Composer; Jolson, Al -- Vocalist -- Baritone Vocal",1920-01-08,"united states, new york",New York,,Popular song,"Male vocal solo and whistling, with orchestra",Columbia A2884,78917 (Matrix ID),00,['english'],https://www.loc.gov/item/jukebox-817339/,https://tile.loc.gov/storage-services/master/mbrsrs/mbrsjukebox/ucsb_col_a2884_01_78917_00/ucsb_col_a2884_01_78917_00.wav,https://tile.loc.gov/storage-services/service/mbrsrs/mbrsjukebox/ucsb_col_a2884_01_78917_00/ucsb_col_a2884_01_78917_00.mp3,"Source of original recording: Department of Special Collections, Davidson Library, University of California, Santa Barbara.","Inclusion of the recording in the National Jukebox, courtesy of Sony Music Entertainment or EMI Music","Public domain in the United States (published before 1923; Music Modernization Act, 17 U.S.C. 1401(a)(2)(B)(i))",2026-10-08T12:42:23+00:00,"Library of Congress, National Jukebox.",e9158c92883461a5d22aee6bc3aebd295d8f27391e6886dd8353293f3018638b,True,3.35,-29.7,-45.2,4246.7,73.0
jukebox-8317,Alborada de Veiga,Aire regional espanol,"Dopazo, Manuel","Dopazo, Manuel -- Instrumentalist -- Gaita",1912-01-31,"buenos aires, argentina",Buenos Aires,Spanish (Argentina); Popular music; Ethnic music,Galician bagpipe,"Gaita solo, with tambor",Victor 63732,H-445 (Matrix ID),1,,https://www.loc.gov/item/jukebox-8317/,https://tile.loc.gov/storage-services/master/mbrsrs/mbrsjukebox/jvm_victor_63732_01_h445_01/jvm_victor_63732_01_h445_01.wav,https://tile.loc.gov/storage-services/service/mbrsrs/mbrsjukebox/jvm_victor_63732_01_h445_01/jvm_victor_63732_01_h445_01.mp3,"Source of original recording: Johnson Victrola Museum, Delaware.","Inclusion of the recording in the National Jukebox, courtesy of Sony Music Entertainment or EMI Music","Public domain in the United States (published before 1923; Music Modernization Act, 17 U.S.C. 1401(a)(2)(B)(i))",2026-10-08T12:44:19+00:00,"Library of Congress, National Jukebox.",edc0d04a1cabc7065f86acc90763756c11024ea5d5b1086055f50ec385dd6db2,True,0.92,-21.9,-23.3,480.2,1.0
jukebox-8689,Lucía,Vals,Hermanas Gastelú,"Andrade, Oscar -- Instrumentalist -- Guitar; Gastelú, Lucrecia -- Vocalist -- Vocalist; Gastelú, Sinecia -- Vocalist -- Vocalist; Hermanas Gastelú -- Vocal Group -- Vocal Group",1913-09-05,"perú, lima",Lima,Spanish (Peru); Popular music; Ethnic music,Peruvian song,"Female vocal duet, with guitar",Victor 65631,L-151 (Matrix ID),1,['spanish'],https://www.loc.gov/item/jukebox-8689/,https://tile.loc.gov/storage-services/master/mbrsrs/mbrsjukebox/jvm_victor_65631_01_l151_01/jvm_victor_65631_01_l151_01.wav,https://tile.loc.gov/storage-services/service/mbrsrs/mbrsjukebox/jvm_victor_65631_01_l151_01/jvm_victor_65631_01_l151_01.mp3,"Source of original recording: Johnson Victrola Museum, Delaware.","Inclusion of the recording in the National Jukebox, courtesy of Sony Music Entertainment or EMI Music","Public domain in the United States (published before 1923; Music Modernization Act, 17 U.S.C. 1401(a)(2)(B)(i))",2026-10-08T12:44:25+00:00,"Library of Congress, National Jukebox.",98102d13ffc341dc6bdecd5c180ad31c96ba4603ec2273ca34627b972b887848,True,1.48,-35.4,-46.8,470.1,51.7
jukebox-8769,De Lambayeque a Chiclayo,Tondero,Cobian Y Díaz,"Andrade, Oscar -- Instrumentalist -- Guitar; Olaza, J. -- Instrumentalist -- Cajón; Cobian y Díaz -- Vocal Group -- Vocal Group",1913-09-12,"perú, lima",Lima,Spanish (Peru); Popular music; Ethnic music,Peruvian song,"Vocal duet, with guitar and cajón",Victor 65642,L-231 (Matrix ID),1,['spanish'],https://www.loc.gov/item/jukebox-8769/,https://tile.loc.gov/storage-services/master/mbrsrs/mbrsjukebox/jvm_victor_65642_01_l231_01/jvm_victor_65642_01_l231_01.wav,https://tile.loc.gov/storage-services/service/mbrsrs/mbrsjukebox/jvm_victor_65642_01_l231_01/jvm_victor_65642_01_l231_01.mp3,"Source of original recording: Johnson Victrola Museum, Delaware.","Inclusion of the recording in the National Jukebox, courtesy of Sony Music Entertainment or EMI Music","Public domain in the United States (published before 1923; Music Modernization Act, 17 U.S.C. 1401(a)(2)(B)(i))",2026-10-08T12:44:32+00:00,"Library of Congress, National Jukebox.",462913a36dd4fab15c3467f988230ad1884f0d8b93b1673f0eb700dc418c966e,True,0.43,-37.6,-44.7,284.1,135.4
jukebox-8907,Plenilunio,Pasillo,Cuarteto Nacional,"Rubiano, Jorge A. -- Leader -- Leader; Escobar, Alberto -- Instrumentalist -- Tiple; Rubiano, Jorge A. -- Instrumentalist -- Bandurría; Rubiano, Jorge A. -- Composer -- Composer; Forero, [?] -- Instrumentalist -- Pito (Caña De Millo); Wills, Alejandro -- Instrumentalist -- Guitar; Cuarteto Nacional -- Musical Group -- Musical Group",1913-11-08,"bogotá, colombia",Bogotá,Spanish (Colombia),Colombian string ensemble,Instrumental quartet,Victor 65887,L-372 (Matrix ID),1,,https://www.loc.gov/item/jukebox-8907/,https://tile.loc.gov/storage-services/master/mbrsrs/mbrsjukebox/jvm_victor_65887_01_l372_01/jvm_victor_65887_01_l372_01.wav,https://tile.loc.gov/storage-services/service/mbrsrs/mbrsjukebox/jvm_victor_65887_01_l372_01/jvm_victor_65887_01_l372_01.mp3,"Source of original recording: Johnson Victrola Museum, Delaware.","Inclusion of the recording in the National Jukebox, courtesy of Sony Music Entertainment or EMI Music","Public domain in the United States (published before 1923; Music Modernization Act, 17 U.S.C. 1401(a)(2)(B)(i))",2026-10-08T12:47:34+00:00,"Library of Congress, National Jukebox.",8a264ef9b701df2e61cd19dc2054a4cf0cfed7f470a9b9b7fc0dacad266acfb7,True,2.67,-39.5,-57.8,2067.6,5.9
jukebox-8910,Tras de las verdes colinas,Bambuco,"Wills, Alejandro","Wills, Alejandro -- Instrumentalist -- Guitar; Escobar, Alberto -- Instrumentalist -- Tiple; Wills, Alejandro -- Composer -- Composer; Wills, Alejandro -- Vocalist -- Baritone Vocal; Escobar, Alberto -- Vocalist -- Tenor Vocal",1913-11-09,"bogotá, colombia",Bogotá,Spanish (Colombia); Ethnic music; Spanish (Colombia),Colombian song,"Male vocal duet, with pito, tiple, and guitar",Victor 65892,L-375 (Matrix ID),1,['spanish'],https://www.loc.gov/item/jukebox-8910/,https://tile.loc.gov/storage-services/master/mbrsrs/mbrsjukebox/ucsb_victor_65892_01_l375_01/ucsb_victor_65892_01_l375_01.wav,https://tile.loc.gov/storage-services/service/mbrsrs/mbrsjukebox/ucsb_victor_65892_01_l375_01/ucsb_victor_65892_01_l375_01.mp3,"Source of original recording: Department of Special Collections, Davidson Library, University of California, Santa Barbara.","Inclusion of the recording in the National Jukebox, courtesy of Sony Music Entertainment or EMI Music","Public domain in the United States (published before 1923; Music Modernization Act, 17 U.S.C. 1401(a)(2)(B)(i))",2026-10-08T12:47:22+00:00,"Library of Congress, National Jukebox.",013a4b1f5ee6d177e7258938b042612fc5819a614870e86a2b83184a1b2fc39f,True,1.65,-31.9,-42.7,878.4,49.3
jukebox-8957,Dame un beso,Bambuco,Quinteto Rubiano,"Quinteto Rubiano -- Musical Group -- Musical Group; Rubiano, Jorge A. -- Composer -- Composer; Rubiano, Jorge A. -- Leader -- Leader",1913-11-16,"bogotá, colombia",Bogotá,Spanish (Colombia),Colombian song,"Male vocal duet, with guitar and tiple",Victor 65887,L-426 (Matrix ID),1,['spanish'],https://www.loc.gov/item/jukebox-8957/,https://tile.loc.gov/storage-services/master/mbrsrs/mbrsjukebox/jvm_victor_65887_01_l426_01/jvm_victor_65887_01_l426_01.wav,https://tile.loc.gov/storage-services/service/mbrsrs/mbrsjukebox/jvm_victor_65887_01_l426_01/jvm_victor_65887_01_l426_01.mp3,"Source of original recording: Johnson Victrola Museum, Delaware.","Inclusion of the recording in the National Jukebox, courtesy of Sony Music Entertainment or EMI Music","Public domain in the United States (published before 1923; Music Modernization Act, 17 U.S.C. 1401(a)(2)(B)(i))",2026-10-08T12:47:28+00:00,"Library of Congress, National Jukebox.",275e5715eb957a14a1971032de6ca7f3f6806992aa338f5bf450ef724d6d13df,True,1.88,-42.2,-59.6,1390.6,6.8
