identifier,file,mediatype,collection,title,creator,date,description,subject[0],subject[1],subject[2],subject[3],language,source,rights,licenseurl
echoes-recovered-jukebox-1062882,data/restored/jukebox-1062882_ciribiribin/restored.flac,audio,opensource_audio,Ciribiribin - Coppia Butterfly (1908) [LoC transfer + restoration],Coppia Butterfly,1908-12-31,"Ciribiribin (Female-male vocal duet). Recorded 1908-12-31, Italy, Milan. Disc: Columbia 10294, matrix 10294 (Matrix ID), take 1. Source: Library of Congress, National Jukebox, https://www.loc.gov/item/jukebox-1062882/ . This item contains (1) the Library of Congress transfer, losslessly re-encoded from the LoC WAV (PCM MD5 verified identical) and (2) a restored version made by the Echoes Recovered project with documented, non-generative DSP (AR click interpolation, Wiener noise reduction, band-limited filtering, bounded EQ). Full methodology, parameters and code: https://github.com/galaxyvoyager001-art/Echoes-Recovered . Credit line: Library of Congress, National Jukebox.",78rpm,acoustic recording,National Jukebox,Italian song,['italian'],https://www.loc.gov/item/jukebox-1062882/,Public domain in the United States (sound recording published before 1923; Music Modernization Act). Restoration released under CC0 1.0.,https://creativecommons.org/publicdomain/mark/1.0/
echoes-recovered-jukebox-1062882,data/restored/jukebox-1062882_ciribiribin/restored.mp3,,,,,,,,,,,,,,
echoes-recovered-jukebox-1062882,data/restored/jukebox-1062882_ciribiribin/ab_compare.mp3,,,,,,,,,,,,,,
echoes-recovered-jukebox-1062882,data/restored/jukebox-1062882_ciribiribin/restoration_log.md,,,,,,,,,,,,,,
echoes-recovered-jukebox-1062882,data/restored/jukebox-1062882_ciribiribin/spectrogram.jpg,,,,,,,,,,,,,,
echoes-recovered-jukebox-1062882,data/restored/jukebox-1062882_ciribiribin/waveform.png,,,,,,,,,,,,,,
echoes-recovered-jukebox-1062882,data/restored/jukebox-1062882_ciribiribin/params.json,,,,,,,,,,,,,,
echoes-recovered-jukebox-1062882,data/originals/jukebox-1062882_ciribiribin/loc_original.flac,,,,,,,,,,,,,,
echoes-recovered-jukebox-1062882,data/originals/jukebox-1062882_ciribiribin/loc_label.jpg,,,,,,,,,,,,,,
echoes-recovered-jukebox-11226,data/restored/jukebox-11226_the-memphis-blues/restored.flac,audio,opensource_audio,"The Memphis blues - Harvey, Morton (1914) [LoC transfer + restoration]","Harvey, Morton",1914-10-02,"The Memphis blues (Male vocal solo, with orchestra). Recorded 1914-10-02, Camden, New Jersey, United States. Disc: Victor 17657, matrix B-15244 (Matrix ID), take 2. Source: Library of Congress, National Jukebox, https://www.loc.gov/item/jukebox-11226/ . This item contains (1) the Library of Congress transfer, losslessly re-encoded from the LoC WAV (PCM MD5 verified identical) and (2) a restored version made by the Echoes Recovered project with documented, non-generative DSP (AR click interpolation, Wiener noise reduction, band-limited filtering, bounded EQ). Full methodology, parameters and code: https://github.com/galaxyvoyager001-art/Echoes-Recovered . Credit line: Library of Congress, National Jukebox.",78rpm,acoustic recording,National Jukebox,Blues,['english'],https://www.loc.gov/item/jukebox-11226/,Public domain in the United States (sound recording published before 1923; Music Modernization Act). Restoration released under CC0 1.0.,https://creativecommons.org/publicdomain/mark/1.0/
echoes-recovered-jukebox-11226,data/restored/jukebox-11226_the-memphis-blues/restored.mp3,,,,,,,,,,,,,,
echoes-recovered-jukebox-11226,data/restored/jukebox-11226_the-memphis-blues/ab_compare.mp3,,,,,,,,,,,,,,
echoes-recovered-jukebox-11226,data/restored/jukebox-11226_the-memphis-blues/restoration_log.md,,,,,,,,,,,,,,
echoes-recovered-jukebox-11226,data/restored/jukebox-11226_the-memphis-blues/spectrogram.jpg,,,,,,,,,,,,,,
echoes-recovered-jukebox-11226,data/restored/jukebox-11226_the-memphis-blues/waveform.png,,,,,,,,,,,,,,
echoes-recovered-jukebox-11226,data/restored/jukebox-11226_the-memphis-blues/params.json,,,,,,,,,,,,,,
echoes-recovered-jukebox-11226,data/originals/jukebox-11226_the-memphis-blues/loc_original.flac,,,,,,,,,,,,,,
echoes-recovered-jukebox-11226,data/originals/jukebox-11226_the-memphis-blues/loc_label.jpg,,,,,,,,,,,,,,
echoes-recovered-jukebox-119158,data/restored/jukebox-119158_vesti-la-giubba/restored.flac,audio,opensource_audio,"Vesti la giubba - Caruso, Enrico (1904) [LoC transfer + restoration]","Caruso, Enrico",1904-02-01,"Vesti la giubba (Tenor vocal solo, with piano). Recorded 1904-02-01, United States, New York. Disc: Victor 930, matrix B-1002 (Matrix ID), take 1. Source: Library of Congress, National Jukebox, https://www.loc.gov/item/jukebox-119158/ . This item contains (1) the Library of Congress transfer, losslessly re-encoded from the LoC WAV (PCM MD5 verified identical) and (2) a restored version made by the Echoes Recovered project with documented, non-generative DSP (AR click interpolation, Wiener noise reduction, band-limited filtering, bounded EQ). Full methodology, parameters and code: https://github.com/galaxyvoyager001-art/Echoes-Recovered . Credit line: Library of Congress, National Jukebox.",78rpm,acoustic recording,National Jukebox,Opera,['italian'],https://www.loc.gov/item/jukebox-119158/,Public domain in the United States (sound recording published before 1923; Music Modernization Act). Restoration released under CC0 1.0.,https://creativecommons.org/publicdomain/mark/1.0/
echoes-recovered-jukebox-119158,data/restored/jukebox-119158_vesti-la-giubba/restored.mp3,,,,,,,,,,,,,,
echoes-recovered-jukebox-119158,data/restored/jukebox-119158_vesti-la-giubba/ab_compare.mp3,,,,,,,,,,,,,,
echoes-recovered-jukebox-119158,data/restored/jukebox-119158_vesti-la-giubba/restoration_log.md,,,,,,,,,,,,,,
echoes-recovered-jukebox-119158,data/restored/jukebox-119158_vesti-la-giubba/spectrogram.jpg,,,,,,,,,,,,,,
echoes-recovered-jukebox-119158,data/restored/jukebox-119158_vesti-la-giubba/waveform.png,,,,,,,,,,,,,,
echoes-recovered-jukebox-119158,data/restored/jukebox-119158_vesti-la-giubba/params.json,,,,,,,,,,,,,,
echoes-recovered-jukebox-119158,data/originals/jukebox-119158_vesti-la-giubba/loc_original.flac,,,,,,,,,,,,,,
echoes-recovered-jukebox-119158,data/originals/jukebox-119158_vesti-la-giubba/loc_label.jpg,,,,,,,,,,,,,,
echoes-recovered-jukebox-121880,data/restored/jukebox-121880_give-my-regards-to-broadway/restored.flac,audio,opensource_audio,"Give my regards to Broadway - Kernell, Frank [i.e., Samuel H. Dudley] (1905) [LoC transfer + restoration]","Kernell, Frank [i.e., Samuel H. Dudley]",1905-06-21,"Give my regards to Broadway (Male vocal solo, with orchestra). Recorded 1905-06-21, Philadelphia, Pennsylvania, United States. Disc: Victor 4385, matrix B-2654 (Matrix ID), take 3. Source: Library of Congress, National Jukebox, https://www.loc.gov/item/jukebox-121880/ . This item contains (1) the Library of Congress transfer, losslessly re-encoded from the LoC WAV (PCM MD5 verified identical) and (2) a restored version made by the Echoes Recovered project with documented, non-generative DSP (AR click interpolation, Wiener noise reduction, band-limited filtering, bounded EQ). Full methodology, parameters and code: https://github.com/galaxyvoyager001-art/Echoes-Recovered . Credit line: Library of Congress, National Jukebox.",78rpm,acoustic recording,National Jukebox,Musical theater,['english'],https://www.loc.gov/item/jukebox-121880/,Public domain in the United States (sound recording published before 1923; Music Modernization Act). Restoration released under CC0 1.0.,https://creativecommons.org/publicdomain/mark/1.0/
echoes-recovered-jukebox-121880,data/restored/jukebox-121880_give-my-regards-to-broadway/restored.mp3,,,,,,,,,,,,,,
echoes-recovered-jukebox-121880,data/restored/jukebox-121880_give-my-regards-to-broadway/ab_compare.mp3,,,,,,,,,,,,,,
echoes-recovered-jukebox-121880,data/restored/jukebox-121880_give-my-regards-to-broadway/restoration_log.md,,,,,,,,,,,,,,
echoes-recovered-jukebox-121880,data/restored/jukebox-121880_give-my-regards-to-broadway/spectrogram.jpg,,,,,,,,,,,,,,
echoes-recovered-jukebox-121880,data/restored/jukebox-121880_give-my-regards-to-broadway/waveform.png,,,,,,,,,,,,,,
echoes-recovered-jukebox-121880,data/restored/jukebox-121880_give-my-regards-to-broadway/params.json,,,,,,,,,,,,,,
echoes-recovered-jukebox-121880,data/originals/jukebox-121880_give-my-regards-to-broadway/loc_original.flac,,,,,,,,,,,,,,
echoes-recovered-jukebox-121880,data/originals/jukebox-121880_give-my-regards-to-broadway/loc_label.jpg,,,,,,,,,,,,,,
echoes-recovered-jukebox-124469,data/restored/jukebox-124469_entrance-of-butterfly/restored.flac,audio,opensource_audio,"Entrance of butterfly - Farrar, Geraldine (1907) [LoC transfer + restoration]","Farrar, Geraldine",1907-02-19,"Entrance of butterfly (Soprano vocal solo, with orchestra). Recorded 1907-02-19, United States, New York. Disc: Victor 87004, matrix B-4255 (Matrix ID), take 1. Source: Library of Congress, National Jukebox, https://www.loc.gov/item/jukebox-124469/ . This item contains (1) the Library of Congress transfer, losslessly re-encoded from the LoC WAV (PCM MD5 verified identical) and (2) a restored version made by the Echoes Recovered project with documented, non-generative DSP (AR click interpolation, Wiener noise reduction, band-limited filtering, bounded EQ). Full methodology, parameters and code: https://github.com/galaxyvoyager001-art/Echoes-Recovered . Credit line: Library of Congress, National Jukebox.",78rpm,acoustic recording,National Jukebox,Opera,['italian'],https://www.loc.gov/item/jukebox-124469/,Public domain in the United States (sound recording published before 1923; Music Modernization Act). Restoration released under CC0 1.0.,https://creativecommons.org/publicdomain/mark/1.0/
echoes-recovered-jukebox-124469,data/restored/jukebox-124469_entrance-of-butterfly/restored.mp3,,,,,,,,,,,,,,
echoes-recovered-jukebox-124469,data/restored/jukebox-124469_entrance-of-butterfly/ab_compare.mp3,,,,,,,,,,,,,,
echoes-recovered-jukebox-124469,data/restored/jukebox-124469_entrance-of-butterfly/restoration_log.md,,,,,,,,,,,,,,
echoes-recovered-jukebox-124469,data/restored/jukebox-124469_entrance-of-butterfly/spectrogram.jpg,,,,,,,,,,,,,,
echoes-recovered-jukebox-124469,data/restored/jukebox-124469_entrance-of-butterfly/waveform.png,,,,,,,,,,,,,,
echoes-recovered-jukebox-124469,data/restored/jukebox-124469_entrance-of-butterfly/params.json,,,,,,,,,,,,,,
echoes-recovered-jukebox-124469,data/originals/jukebox-124469_entrance-of-butterfly/loc_original.flac,,,,,,,,,,,,,,
echoes-recovered-jukebox-124469,data/originals/jukebox-124469_entrance-of-butterfly/loc_label.jpg,,,,,,,,,,,,,,
echoes-recovered-jukebox-124534,data/restored/jukebox-124534_mi-chiamano-mim/restored.flac,audio,opensource_audio,"Mi chiamano Mimì - Melba, Nellie (1907) [LoC transfer + restoration]","Melba, Nellie",1907-03-24,"Mi chiamano Mimì (Soprano vocal solo, with orchestra). Recorded 1907-03-24, United States, New York. Disc: Victor 88074, matrix C-4281 (Matrix ID), take 2. Source: Library of Congress, National Jukebox, https://www.loc.gov/item/jukebox-124534/ . This item contains (1) the Library of Congress transfer, losslessly re-encoded from the LoC WAV (PCM MD5 verified identical) and (2) a restored version made by the Echoes Recovered project with documented, non-generative DSP (AR click interpolation, Wiener noise reduction, band-limited filtering, bounded EQ). Full methodology, parameters and code: https://github.com/galaxyvoyager001-art/Echoes-Recovered . Credit line: Library of Congress, National Jukebox.",78rpm,acoustic recording,National Jukebox,Opera,['italian'],https://www.loc.gov/item/jukebox-124534/,Public domain in the United States (sound recording published before 1923; Music Modernization Act). Restoration released under CC0 1.0.,https://creativecommons.org/publicdomain/mark/1.0/
echoes-recovered-jukebox-124534,data/restored/jukebox-124534_mi-chiamano-mim/restored.mp3,,,,,,,,,,,,,,
echoes-recovered-jukebox-124534,data/restored/jukebox-124534_mi-chiamano-mim/ab_compare.mp3,,,,,,,,,,,,,,
echoes-recovered-jukebox-124534,data/restored/jukebox-124534_mi-chiamano-mim/restoration_log.md,,,,,,,,,,,,,,
echoes-recovered-jukebox-124534,data/restored/jukebox-124534_mi-chiamano-mim/spectrogram.jpg,,,,,,,,,,,,,,
echoes-recovered-jukebox-124534,data/restored/jukebox-124534_mi-chiamano-mim/waveform.png,,,,,,,,,,,,,,
echoes-recovered-jukebox-124534,data/restored/jukebox-124534_mi-chiamano-mim/params.json,,,,,,,,,,,,,,
echoes-recovered-jukebox-124534,data/originals/jukebox-124534_mi-chiamano-mim/loc_original.flac,,,,,,,,,,,,,,
echoes-recovered-jukebox-124534,data/originals/jukebox-124534_mi-chiamano-mim/loc_label.jpg,,,,,,,,,,,,,,
echoes-recovered-jukebox-130333,data/restored/jukebox-130333_alexander-s-ragtime-band/restored.flac,audio,opensource_audio,Alexander's ragtime band - Collins And Harlan (1911) [LoC transfer + restoration],Collins And Harlan,1911-05-23,"Alexander's ragtime band (Male vocal duet, with orchestra). Recorded 1911-05-23, New Jersey, Camden, United States. Disc: Victor 16908, matrix B-10374 (Matrix ID), take 1. Source: Library of Congress, National Jukebox, https://www.loc.gov/item/jukebox-130333/ . This item contains (1) the Library of Congress transfer, losslessly re-encoded from the LoC WAV (PCM MD5 verified identical) and (2) a restored version made by the Echoes Recovered project with documented, non-generative DSP (AR click interpolation, Wiener noise reduction, band-limited filtering, bounded EQ). Full methodology, parameters and code: https://github.com/galaxyvoyager001-art/Echoes-Recovered . Credit line: Library of Congress, National Jukebox.",78rpm,acoustic recording,National Jukebox,Ragtime song,['english'],https://www.loc.gov/item/jukebox-130333/,Public domain in the United States (sound recording published before 1923; Music Modernization Act). Restoration released under CC0 1.0.,https://creativecommons.org/publicdomain/mark/1.0/
echoes-recovered-jukebox-130333,data/restored/jukebox-130333_alexander-s-ragtime-band/restored.mp3,,,,,,,,,,,,,,
echoes-recovered-jukebox-130333,data/restored/jukebox-130333_alexander-s-ragtime-band/ab_compare.mp3,,,,,,,,,,,,,,
echoes-recovered-jukebox-130333,data/restored/jukebox-130333_alexander-s-ragtime-band/restoration_log.md,,,,,,,,,,,,,,
echoes-recovered-jukebox-130333,data/restored/jukebox-130333_alexander-s-ragtime-band/spectrogram.jpg,,,,,,,,,,,,,,
echoes-recovered-jukebox-130333,data/restored/jukebox-130333_alexander-s-ragtime-band/waveform.png,,,,,,,,,,,,,,
echoes-recovered-jukebox-130333,data/restored/jukebox-130333_alexander-s-ragtime-band/params.json,,,,,,,,,,,,,,
echoes-recovered-jukebox-130333,data/originals/jukebox-130333_alexander-s-ragtime-band/loc_original.flac,,,,,,,,,,,,,,
echoes-recovered-jukebox-130333,data/originals/jukebox-130333_alexander-s-ragtime-band/loc_label.jpg,,,,,,,,,,,,,,
echoes-recovered-jukebox-130944,data/restored/jukebox-130944_roamin-in-the-gloamin/restored.flac,audio,opensource_audio,"Roamin' in the gloamin ' - Lauder, Harry (1911) [LoC transfer + restoration]","Lauder, Harry",1911-10-18,"Roamin' in the gloamin ' (Male vocal solo, with orchestra). Recorded 1911-10-18, New York, United States. Disc: Victor 70061, matrix C-11122 (Matrix ID), take 1. Source: Library of Congress, National Jukebox, https://www.loc.gov/item/jukebox-130944/ . This item contains (1) the Library of Congress transfer, losslessly re-encoded from the LoC WAV (PCM MD5 verified identical) and (2) a restored version made by the Echoes Recovered project with documented, non-generative DSP (AR click interpolation, Wiener noise reduction, band-limited filtering, bounded EQ). Full methodology, parameters and code: https://github.com/galaxyvoyager001-art/Echoes-Recovered . Credit line: Library of Congress, National Jukebox.",78rpm,acoustic recording,National Jukebox,Music hall,['english'],https://www.loc.gov/item/jukebox-130944/,Public domain in the United States (sound recording published before 1923; Music Modernization Act). Restoration released under CC0 1.0.,https://creativecommons.org/publicdomain/mark/1.0/
echoes-recovered-jukebox-130944,data/restored/jukebox-130944_roamin-in-the-gloamin/restored.mp3,,,,,,,,,,,,,,
echoes-recovered-jukebox-130944,data/restored/jukebox-130944_roamin-in-the-gloamin/ab_compare.mp3,,,,,,,,,,,,,,
echoes-recovered-jukebox-130944,data/restored/jukebox-130944_roamin-in-the-gloamin/restoration_log.md,,,,,,,,,,,,,,
echoes-recovered-jukebox-130944,data/restored/jukebox-130944_roamin-in-the-gloamin/spectrogram.jpg,,,,,,,,,,,,,,
echoes-recovered-jukebox-130944,data/restored/jukebox-130944_roamin-in-the-gloamin/waveform.png,,,,,,,,,,,,,,
echoes-recovered-jukebox-130944,data/restored/jukebox-130944_roamin-in-the-gloamin/params.json,,,,,,,,,,,,,,
echoes-recovered-jukebox-130944,data/originals/jukebox-130944_roamin-in-the-gloamin/loc_original.flac,,,,,,,,,,,,,,
echoes-recovered-jukebox-130944,data/originals/jukebox-130944_roamin-in-the-gloamin/loc_label.jpg,,,,,,,,,,,,,,
echoes-recovered-jukebox-134539,data/restored/jukebox-134539_castle-walk/restored.flac,audio,opensource_audio,Castle walk - Europe's Society Orchestra (1914) [LoC transfer + restoration],Europe's Society Orchestra,1914-02-10,"Castle walk (Orchestra). Recorded 1914-02-10, New York, United States. Disc: Victor 17553, matrix B-14434 (Matrix ID), take 2. Source: Library of Congress, National Jukebox, https://www.loc.gov/item/jukebox-134539/ . This item contains (1) the Library of Congress transfer, losslessly re-encoded from the LoC WAV (PCM MD5 verified identical) and (2) a restored version made by the Echoes Recovered project with documented, non-generative DSP (AR click interpolation, Wiener noise reduction, band-limited filtering, bounded EQ). Full methodology, parameters and code: https://github.com/galaxyvoyager001-art/Echoes-Recovered . Credit line: Library of Congress, National Jukebox.",78rpm,acoustic recording,National Jukebox,Dance orchestra / proto-jazz,,https://www.loc.gov/item/jukebox-134539/,Public domain in the United States (sound recording published before 1923; Music Modernization Act). Restoration released under CC0 1.0.,https://creativecommons.org/publicdomain/mark/1.0/
echoes-recovered-jukebox-134539,data/restored/jukebox-134539_castle-walk/restored.mp3,,,,,,,,,,,,,,
echoes-recovered-jukebox-134539,data/restored/jukebox-134539_castle-walk/ab_compare.mp3,,,,,,,,,,,,,,
echoes-recovered-jukebox-134539,data/restored/jukebox-134539_castle-walk/restoration_log.md,,,,,,,,,,,,,,
echoes-recovered-jukebox-134539,data/restored/jukebox-134539_castle-walk/spectrogram.jpg,,,,,,,,,,,,,,
echoes-recovered-jukebox-134539,data/restored/jukebox-134539_castle-walk/waveform.png,,,,,,,,,,,,,,
echoes-recovered-jukebox-134539,data/restored/jukebox-134539_castle-walk/params.json,,,,,,,,,,,,,,
echoes-recovered-jukebox-134539,data/originals/jukebox-134539_castle-walk/loc_original.flac,,,,,,,,,,,,,,
echoes-recovered-jukebox-134539,data/originals/jukebox-134539_castle-walk/loc_label.jpg,,,,,,,,,,,,,,
echoes-recovered-jukebox-186160,data/restored/jukebox-186160_poor-butterfly/restored.flac,audio,opensource_audio,"Poor Butterfly - Brown, Edna (1916) [LoC transfer + restoration]","Brown, Edna",1916-12-15,"Poor Butterfly (Female vocal solo, with orchestra). Recorded 1916-12-15, New Jersey, Camden, United States. Disc: Victor 18211, matrix B-18900 (Matrix ID), take 1. Source: Library of Congress, National Jukebox, https://www.loc.gov/item/jukebox-186160/ . This item contains (1) the Library of Congress transfer, losslessly re-encoded from the LoC WAV (PCM MD5 verified identical) and (2) a restored version made by the Echoes Recovered project with documented, non-generative DSP (AR click interpolation, Wiener noise reduction, band-limited filtering, bounded EQ). Full methodology, parameters and code: https://github.com/galaxyvoyager001-art/Echoes-Recovered . Credit line: Library of Congress, National Jukebox.",78rpm,acoustic recording,National Jukebox,Musical theater,['english'],https://www.loc.gov/item/jukebox-186160/,Public domain in the United States (sound recording published before 1923; Music Modernization Act). Restoration released under CC0 1.0.,https://creativecommons.org/publicdomain/mark/1.0/
echoes-recovered-jukebox-186160,data/restored/jukebox-186160_poor-butterfly/restored.mp3,,,,,,,,,,,,,,
echoes-recovered-jukebox-186160,data/restored/jukebox-186160_poor-butterfly/ab_compare.mp3,,,,,,,,,,,,,,
echoes-recovered-jukebox-186160,data/restored/jukebox-186160_poor-butterfly/restoration_log.md,,,,,,,,,,,,,,
echoes-recovered-jukebox-186160,data/restored/jukebox-186160_poor-butterfly/spectrogram.jpg,,,,,,,,,,,,,,
echoes-recovered-jukebox-186160,data/restored/jukebox-186160_poor-butterfly/waveform.png,,,,,,,,,,,,,,
echoes-recovered-jukebox-186160,data/restored/jukebox-186160_poor-butterfly/params.json,,,,,,,,,,,,,,
echoes-recovered-jukebox-186160,data/originals/jukebox-186160_poor-butterfly/loc_original.flac,,,,,,,,,,,,,,
echoes-recovered-jukebox-186160,data/originals/jukebox-186160_poor-butterfly/loc_label.jpg,,,,,,,,,,,,,,
echoes-recovered-jukebox-186254,data/restored/jukebox-186254_livery-stable-blues/restored.flac,audio,opensource_audio,Livery stable blues - Original Dixieland Jazz Band (1917) [LoC transfer + restoration],Original Dixieland Jazz Band,1917-02-26,"Livery stable blues (Jazz/dance band). Recorded 1917-02-26, New York, United States. Disc: Victor 18255, matrix B-19331 (Matrix ID), take 1. Source: Library of Congress, National Jukebox, https://www.loc.gov/item/jukebox-186254/ . This item contains (1) the Library of Congress transfer, losslessly re-encoded from the LoC WAV (PCM MD5 verified identical) and (2) a restored version made by the Echoes Recovered project with documented, non-generative DSP (AR click interpolation, Wiener noise reduction, band-limited filtering, bounded EQ). Full methodology, parameters and code: https://github.com/galaxyvoyager001-art/Echoes-Recovered . Credit line: Library of Congress, National Jukebox.",78rpm,acoustic recording,National Jukebox,Early jazz,,https://www.loc.gov/item/jukebox-186254/,Public domain in the United States (sound recording published before 1923; Music Modernization Act). Restoration released under CC0 1.0.,https://creativecommons.org/publicdomain/mark/1.0/
echoes-recovered-jukebox-186254,data/restored/jukebox-186254_livery-stable-blues/restored.mp3,,,,,,,,,,,,,,
echoes-recovered-jukebox-186254,data/restored/jukebox-186254_livery-stable-blues/ab_compare.mp3,,,,,,,,,,,,,,
echoes-recovered-jukebox-186254,data/restored/jukebox-186254_livery-stable-blues/restoration_log.md,,,,,,,,,,,,,,
echoes-recovered-jukebox-186254,data/restored/jukebox-186254_livery-stable-blues/spectrogram.jpg,,,,,,,,,,,,,,
echoes-recovered-jukebox-186254,data/restored/jukebox-186254_livery-stable-blues/waveform.png,,,,,,,,,,,,,,
echoes-recovered-jukebox-186254,data/restored/jukebox-186254_livery-stable-blues/params.json,,,,,,,,,,,,,,
echoes-recovered-jukebox-186254,data/originals/jukebox-186254_livery-stable-blues/loc_original.flac,,,,,,,,,,,,,,
echoes-recovered-jukebox-186254,data/originals/jukebox-186254_livery-stable-blues/loc_label.jpg,,,,,,,,,,,,,,
echoes-recovered-jukebox-189251,data/restored/jukebox-189251_shine-on-harvest-moon-barn-dance/restored.flac,audio,opensource_audio,"Shine on, harvest moon barn dance - Arthur Pryor's Band (1910) [LoC transfer + restoration]",Arthur Pryor's Band,1910-02-15,"Shine on, harvest moon barn dance (Band). Recorded 1910-02-15, Camden, New Jersey, United States. Disc: Victor 16475, matrix B-8630 (Matrix ID), take 1. Source: Library of Congress, National Jukebox, https://www.loc.gov/item/jukebox-189251/ . This item contains (1) the Library of Congress transfer, losslessly re-encoded from the LoC WAV (PCM MD5 verified identical) and (2) a restored version made by the Echoes Recovered project with documented, non-generative DSP (AR click interpolation, Wiener noise reduction, band-limited filtering, bounded EQ). Full methodology, parameters and code: https://github.com/galaxyvoyager001-art/Echoes-Recovered . Credit line: Library of Congress, National Jukebox.",78rpm,acoustic recording,National Jukebox,Band / dance,,https://www.loc.gov/item/jukebox-189251/,Public domain in the United States (sound recording published before 1923; Music Modernization Act). Restoration released under CC0 1.0.,https://creativecommons.org/publicdomain/mark/1.0/
echoes-recovered-jukebox-189251,data/restored/jukebox-189251_shine-on-harvest-moon-barn-dance/restored.mp3,,,,,,,,,,,,,,
echoes-recovered-jukebox-189251,data/restored/jukebox-189251_shine-on-harvest-moon-barn-dance/ab_compare.mp3,,,,,,,,,,,,,,
echoes-recovered-jukebox-189251,data/restored/jukebox-189251_shine-on-harvest-moon-barn-dance/restoration_log.md,,,,,,,,,,,,,,
echoes-recovered-jukebox-189251,data/restored/jukebox-189251_shine-on-harvest-moon-barn-dance/spectrogram.jpg,,,,,,,,,,,,,,
echoes-recovered-jukebox-189251,data/restored/jukebox-189251_shine-on-harvest-moon-barn-dance/waveform.png,,,,,,,,,,,,,,
echoes-recovered-jukebox-189251,data/restored/jukebox-189251_shine-on-harvest-moon-barn-dance/params.json,,,,,,,,,,,,,,
echoes-recovered-jukebox-189251,data/originals/jukebox-189251_shine-on-harvest-moon-barn-dance/loc_original.flac,,,,,,,,,,,,,,
echoes-recovered-jukebox-189251,data/originals/jukebox-189251_shine-on-harvest-moon-barn-dance/loc_label.jpg,,,,,,,,,,,,,,
echoes-recovered-jukebox-191403,data/restored/jukebox-191403_rusty-rags/restored.flac,audio,opensource_audio,"Rusty rags - Ossman, Vess L. (1901) [LoC transfer + restoration]","Ossman, Vess L.",1901-05-16,"Rusty rags (Banjo solo). Recorded 1901-05-16, Camden, United States, New Jersey. Disc: Victor 3367, matrix [Pre-matrix B-]3367 (Matrix ID), take 1. Source: Library of Congress, National Jukebox, https://www.loc.gov/item/jukebox-191403/ . This item contains (1) the Library of Congress transfer, losslessly re-encoded from the LoC WAV (PCM MD5 verified identical) and (2) a restored version made by the Echoes Recovered project with documented, non-generative DSP (AR click interpolation, Wiener noise reduction, band-limited filtering, bounded EQ). Full methodology, parameters and code: https://github.com/galaxyvoyager001-art/Echoes-Recovered . Credit line: Library of Congress, National Jukebox.",78rpm,acoustic recording,National Jukebox,Ragtime,['english'],https://www.loc.gov/item/jukebox-191403/,Public domain in the United States (sound recording published before 1923; Music Modernization Act). Restoration released under CC0 1.0.,https://creativecommons.org/publicdomain/mark/1.0/
echoes-recovered-jukebox-191403,data/restored/jukebox-191403_rusty-rags/restored.mp3,,,,,,,,,,,,,,
echoes-recovered-jukebox-191403,data/restored/jukebox-191403_rusty-rags/ab_compare.mp3,,,,,,,,,,,,,,
echoes-recovered-jukebox-191403,data/restored/jukebox-191403_rusty-rags/restoration_log.md,,,,,,,,,,,,,,
echoes-recovered-jukebox-191403,data/restored/jukebox-191403_rusty-rags/spectrogram.jpg,,,,,,,,,,,,,,
echoes-recovered-jukebox-191403,data/restored/jukebox-191403_rusty-rags/waveform.png,,,,,,,,,,,,,,
echoes-recovered-jukebox-191403,data/restored/jukebox-191403_rusty-rags/params.json,,,,,,,,,,,,,,
echoes-recovered-jukebox-191403,data/originals/jukebox-191403_rusty-rags/loc_original.flac,,,,,,,,,,,,,,
echoes-recovered-jukebox-191403,data/originals/jukebox-191403_rusty-rags/loc_label.jpg,,,,,,,,,,,,,,
echoes-recovered-jukebox-191640,data/restored/jukebox-191640_la-terruca/restored.flac,audio,opensource_audio,"La terruca - Rivera, [?], Miss (1917) [LoC transfer + restoration]","Rivera, [?], Miss",1917-01-13,"La terruca (Female vocal quartet, with violin and piano). Recorded 1917-01-13, Puerto Rico, San Juan, United States. Disc: Victor 69388, matrix G-1776 (Matrix ID), take 1. Source: Library of Congress, National Jukebox, https://www.loc.gov/item/jukebox-191640/ . This item contains (1) the Library of Congress transfer, losslessly re-encoded from the LoC WAV (PCM MD5 verified identical) and (2) a restored version made by the Echoes Recovered project with documented, non-generative DSP (AR click interpolation, Wiener noise reduction, band-limited filtering, bounded EQ). Full methodology, parameters and code: https://github.com/galaxyvoyager001-art/Echoes-Recovered . Credit line: Library of Congress, National Jukebox.",78rpm,acoustic recording,National Jukebox,Puerto Rican song,['spanish'],https://www.loc.gov/item/jukebox-191640/,Public domain in the United States (sound recording published before 1923; Music Modernization Act). Restoration released under CC0 1.0.,https://creativecommons.org/publicdomain/mark/1.0/
echoes-recovered-jukebox-191640,data/restored/jukebox-191640_la-terruca/restored.mp3,,,,,,,,,,,,,,
echoes-recovered-jukebox-191640,data/restored/jukebox-191640_la-terruca/ab_compare.mp3,,,,,,,,,,,,,,
echoes-recovered-jukebox-191640,data/restored/jukebox-191640_la-terruca/restoration_log.md,,,,,,,,,,,,,,
echoes-recovered-jukebox-191640,data/restored/jukebox-191640_la-terruca/spectrogram.jpg,,,,,,,,,,,,,,
echoes-recovered-jukebox-191640,data/restored/jukebox-191640_la-terruca/waveform.png,,,,,,,,,,,,,,
echoes-recovered-jukebox-191640,data/restored/jukebox-191640_la-terruca/params.json,,,,,,,,,,,,,,
echoes-recovered-jukebox-191640,data/originals/jukebox-191640_la-terruca/loc_original.flac,,,,,,,,,,,,,,
echoes-recovered-jukebox-191640,data/originals/jukebox-191640_la-terruca/loc_label.jpg,,,,,,,,,,,,,,
echoes-recovered-jukebox-191651,data/restored/jukebox-191651_el-abandono/restored.flac,audio,opensource_audio,"El abandono - Abreu, Tomás R. (1917) [LoC transfer + restoration]","Abreu, Tomás R.",1917-01-25,"El abandono (Male vocal solo, with guitar). Recorded 1917-01-25, Venezuela, Caracas. Disc: Victor 69636, matrix G-1787 (Matrix ID), take 1. Source: Library of Congress, National Jukebox, https://www.loc.gov/item/jukebox-191651/ . This item contains (1) the Library of Congress transfer, losslessly re-encoded from the LoC WAV (PCM MD5 verified identical) and (2) a restored version made by the Echoes Recovered project with documented, non-generative DSP (AR click interpolation, Wiener noise reduction, band-limited filtering, bounded EQ). Full methodology, parameters and code: https://github.com/galaxyvoyager001-art/Echoes-Recovered . Credit line: Library of Congress, National Jukebox.",78rpm,acoustic recording,National Jukebox,Venezuelan song,['spanish'],https://www.loc.gov/item/jukebox-191651/,Public domain in the United States (sound recording published before 1923; Music Modernization Act). Restoration released under CC0 1.0.,https://creativecommons.org/publicdomain/mark/1.0/
echoes-recovered-jukebox-191651,data/restored/jukebox-191651_el-abandono/restored.mp3,,,,,,,,,,,,,,
echoes-recovered-jukebox-191651,data/restored/jukebox-191651_el-abandono/ab_compare.mp3,,,,,,,,,,,,,,
echoes-recovered-jukebox-191651,data/restored/jukebox-191651_el-abandono/restoration_log.md,,,,,,,,,,,,,,
echoes-recovered-jukebox-191651,data/restored/jukebox-191651_el-abandono/spectrogram.jpg,,,,,,,,,,,,,,
echoes-recovered-jukebox-191651,data/restored/jukebox-191651_el-abandono/waveform.png,,,,,,,,,,,,,,
echoes-recovered-jukebox-191651,data/restored/jukebox-191651_el-abandono/params.json,,,,,,,,,,,,,,
echoes-recovered-jukebox-191651,data/originals/jukebox-191651_el-abandono/loc_original.flac,,,,,,,,,,,,,,
echoes-recovered-jukebox-191651,data/originals/jukebox-191651_el-abandono/loc_label.jpg,,,,,,,,,,,,,,
echoes-recovered-jukebox-191913,data/restored/jukebox-191913_la-malaya/restored.flac,audio,opensource_audio,"La malaya - Germaine, Haydée (1917) [LoC transfer + restoration]","Germaine, Haydée",1917-06-27,"La malaya (Female vocal solo, with guitar). Recorded 1917-06-27, Chile, Santiago. Disc: Victor 69857, matrix G-2130 (Matrix ID), take 1. Source: Library of Congress, National Jukebox, https://www.loc.gov/item/jukebox-191913/ . This item contains (1) the Library of Congress transfer, losslessly re-encoded from the LoC WAV (PCM MD5 verified identical) and (2) a restored version made by the Echoes Recovered project with documented, non-generative DSP (AR click interpolation, Wiener noise reduction, band-limited filtering, bounded EQ). Full methodology, parameters and code: https://github.com/galaxyvoyager001-art/Echoes-Recovered . Credit line: Library of Congress, National Jukebox.",78rpm,acoustic recording,National Jukebox,Chilean song,['spanish'],https://www.loc.gov/item/jukebox-191913/,Public domain in the United States (sound recording published before 1923; Music Modernization Act). Restoration released under CC0 1.0.,https://creativecommons.org/publicdomain/mark/1.0/
echoes-recovered-jukebox-191913,data/restored/jukebox-191913_la-malaya/restored.mp3,,,,,,,,,,,,,,
echoes-recovered-jukebox-191913,data/restored/jukebox-191913_la-malaya/ab_compare.mp3,,,,,,,,,,,,,,
echoes-recovered-jukebox-191913,data/restored/jukebox-191913_la-malaya/restoration_log.md,,,,,,,,,,,,,,
echoes-recovered-jukebox-191913,data/restored/jukebox-191913_la-malaya/spectrogram.jpg,,,,,,,,,,,,,,
echoes-recovered-jukebox-191913,data/restored/jukebox-191913_la-malaya/waveform.png,,,,,,,,,,,,,,
echoes-recovered-jukebox-191913,data/restored/jukebox-191913_la-malaya/params.json,,,,,,,,,,,,,,
echoes-recovered-jukebox-191913,data/originals/jukebox-191913_la-malaya/loc_original.flac,,,,,,,,,,,,,,
echoes-recovered-jukebox-191913,data/originals/jukebox-191913_la-malaya/loc_label.jpg,,,,,,,,,,,,,,
echoes-recovered-jukebox-191950,data/restored/jukebox-191950_se-v-y-se-v/restored.flac,audio,opensource_audio,"Se vá y se vá ... ! - Schultze, Jorge (1917) [LoC transfer + restoration]","Schultze, Jorge",1917-07-22,"Se vá y se vá ... ! (Male vocal duet, with guitar). Recorded 1917-07-22, La Paz, Bolivia. Disc: Victor 69846, matrix G-2173 (Matrix ID), take 1. Source: Library of Congress, National Jukebox, https://www.loc.gov/item/jukebox-191950/ . This item contains (1) the Library of Congress transfer, losslessly re-encoded from the LoC WAV (PCM MD5 verified identical) and (2) a restored version made by the Echoes Recovered project with documented, non-generative DSP (AR click interpolation, Wiener noise reduction, band-limited filtering, bounded EQ). Full methodology, parameters and code: https://github.com/galaxyvoyager001-art/Echoes-Recovered . Credit line: Library of Congress, National Jukebox.",78rpm,acoustic recording,National Jukebox,Bolivian song,['spanish'],https://www.loc.gov/item/jukebox-191950/,Public domain in the United States (sound recording published before 1923; Music Modernization Act). Restoration released under CC0 1.0.,https://creativecommons.org/publicdomain/mark/1.0/
echoes-recovered-jukebox-191950,data/restored/jukebox-191950_se-v-y-se-v/restored.mp3,,,,,,,,,,,,,,
echoes-recovered-jukebox-191950,data/restored/jukebox-191950_se-v-y-se-v/ab_compare.mp3,,,,,,,,,,,,,,
echoes-recovered-jukebox-191950,data/restored/jukebox-191950_se-v-y-se-v/restoration_log.md,,,,,,,,,,,,,,
echoes-recovered-jukebox-191950,data/restored/jukebox-191950_se-v-y-se-v/spectrogram.jpg,,,,,,,,,,,,,,
echoes-recovered-jukebox-191950,data/restored/jukebox-191950_se-v-y-se-v/waveform.png,,,,,,,,,,,,,,
echoes-recovered-jukebox-191950,data/restored/jukebox-191950_se-v-y-se-v/params.json,,,,,,,,,,,,,,
echoes-recovered-jukebox-191950,data/originals/jukebox-191950_se-v-y-se-v/loc_original.flac,,,,,,,,,,,,,,
echoes-recovered-jukebox-191950,data/originals/jukebox-191950_se-v-y-se-v/loc_label.jpg,,,,,,,,,,,,,,
echoes-recovered-jukebox-191978,data/restored/jukebox-191978_marcha-general-pando/restored.flac,audio,opensource_audio,Marcha General Pando - Orquesta Salazar (1917) [LoC transfer + restoration],Orquesta Salazar,1917-07-25,"Marcha General Pando (Orchestra). Recorded 1917-07-25, La Paz, Bolivia. Disc: Victor 69846, matrix G-2205 (Matrix ID), take 1. Source: Library of Congress, National Jukebox, https://www.loc.gov/item/jukebox-191978/ . This item contains (1) the Library of Congress transfer, losslessly re-encoded from the LoC WAV (PCM MD5 verified identical) and (2) a restored version made by the Echoes Recovered project with documented, non-generative DSP (AR click interpolation, Wiener noise reduction, band-limited filtering, bounded EQ). Full methodology, parameters and code: https://github.com/galaxyvoyager001-art/Echoes-Recovered . Credit line: Library of Congress, National Jukebox.",78rpm,acoustic recording,National Jukebox,Bolivian dance orchestra,,https://www.loc.gov/item/jukebox-191978/,Public domain in the United States (sound recording published before 1923; Music Modernization Act). Restoration released under CC0 1.0.,https://creativecommons.org/publicdomain/mark/1.0/
echoes-recovered-jukebox-191978,data/restored/jukebox-191978_marcha-general-pando/restored.mp3,,,,,,,,,,,,,,
echoes-recovered-jukebox-191978,data/restored/jukebox-191978_marcha-general-pando/ab_compare.mp3,,,,,,,,,,,,,,
echoes-recovered-jukebox-191978,data/restored/jukebox-191978_marcha-general-pando/restoration_log.md,,,,,,,,,,,,,,
echoes-recovered-jukebox-191978,data/restored/jukebox-191978_marcha-general-pando/spectrogram.jpg,,,,,,,,,,,,,,
echoes-recovered-jukebox-191978,data/restored/jukebox-191978_marcha-general-pando/waveform.png,,,,,,,,,,,,,,
echoes-recovered-jukebox-191978,data/restored/jukebox-191978_marcha-general-pando/params.json,,,,,,,,,,,,,,
echoes-recovered-jukebox-191978,data/originals/jukebox-191978_marcha-general-pando/loc_original.flac,,,,,,,,,,,,,,
echoes-recovered-jukebox-191978,data/originals/jukebox-191978_marcha-general-pando/loc_label.jpg,,,,,,,,,,,,,,
echoes-recovered-jukebox-192010,data/restored/jukebox-192010_mariposas/restored.flac,audio,opensource_audio,"Mariposas - Quesada, Irene (1917) [LoC transfer + restoration]","Quesada, Irene",1917-08-09,"Mariposas (Female vocal solo, with piano). Recorded 1917-08-09, Perú, Arequipa. Disc: Victor 72086, matrix G-2242 (Matrix ID), take 1. Source: Library of Congress, National Jukebox, https://www.loc.gov/item/jukebox-192010/ . This item contains (1) the Library of Congress transfer, losslessly re-encoded from the LoC WAV (PCM MD5 verified identical) and (2) a restored version made by the Echoes Recovered project with documented, non-generative DSP (AR click interpolation, Wiener noise reduction, band-limited filtering, bounded EQ). Full methodology, parameters and code: https://github.com/galaxyvoyager001-art/Echoes-Recovered . Credit line: Library of Congress, National Jukebox.",78rpm,acoustic recording,National Jukebox,Peruvian song,['spanish'],https://www.loc.gov/item/jukebox-192010/,Public domain in the United States (sound recording published before 1923; Music Modernization Act). Restoration released under CC0 1.0.,https://creativecommons.org/publicdomain/mark/1.0/
echoes-recovered-jukebox-192010,data/restored/jukebox-192010_mariposas/restored.mp3,,,,,,,,,,,,,,
echoes-recovered-jukebox-192010,data/restored/jukebox-192010_mariposas/ab_compare.mp3,,,,,,,,,,,,,,
echoes-recovered-jukebox-192010,data/restored/jukebox-192010_mariposas/restoration_log.md,,,,,,,,,,,,,,
echoes-recovered-jukebox-192010,data/restored/jukebox-192010_mariposas/spectrogram.jpg,,,,,,,,,,,,,,
echoes-recovered-jukebox-192010,data/restored/jukebox-192010_mariposas/waveform.png,,,,,,,,,,,,,,
echoes-recovered-jukebox-192010,data/restored/jukebox-192010_mariposas/params.json,,,,,,,,,,,,,,
echoes-recovered-jukebox-192010,data/originals/jukebox-192010_mariposas/loc_original.flac,,,,,,,,,,,,,,
echoes-recovered-jukebox-192010,data/originals/jukebox-192010_mariposas/loc_label.jpg,,,,,,,,,,,,,,
echoes-recovered-jukebox-192284,data/restored/jukebox-192284_tomasito/restored.flac,audio,opensource_audio,Tomasito - Cortes Y Safadí (1917) [LoC transfer + restoration],Cortes Y Safadí,1917-10-29,"Tomasito (Guitar and tiple duet). Recorded 1917-10-29, Ecuador, Guayaquil. Disc: Victor 72441, matrix G-2560 (Matrix ID), take 1. Source: Library of Congress, National Jukebox, https://www.loc.gov/item/jukebox-192284/ . This item contains (1) the Library of Congress transfer, losslessly re-encoded from the LoC WAV (PCM MD5 verified identical) and (2) a restored version made by the Echoes Recovered project with documented, non-generative DSP (AR click interpolation, Wiener noise reduction, band-limited filtering, bounded EQ). Full methodology, parameters and code: https://github.com/galaxyvoyager001-art/Echoes-Recovered . Credit line: Library of Congress, National Jukebox.",78rpm,acoustic recording,National Jukebox,Ecuadorian string duet,,https://www.loc.gov/item/jukebox-192284/,Public domain in the United States (sound recording published before 1923; Music Modernization Act). Restoration released under CC0 1.0.,https://creativecommons.org/publicdomain/mark/1.0/
echoes-recovered-jukebox-192284,data/restored/jukebox-192284_tomasito/restored.mp3,,,,,,,,,,,,,,
echoes-recovered-jukebox-192284,data/restored/jukebox-192284_tomasito/ab_compare.mp3,,,,,,,,,,,,,,
echoes-recovered-jukebox-192284,data/restored/jukebox-192284_tomasito/restoration_log.md,,,,,,,,,,,,,,
echoes-recovered-jukebox-192284,data/restored/jukebox-192284_tomasito/spectrogram.jpg,,,,,,,,,,,,,,
echoes-recovered-jukebox-192284,data/restored/jukebox-192284_tomasito/waveform.png,,,,,,,,,,,,,,
echoes-recovered-jukebox-192284,data/restored/jukebox-192284_tomasito/params.json,,,,,,,,,,,,,,
echoes-recovered-jukebox-192284,data/originals/jukebox-192284_tomasito/loc_original.flac,,,,,,,,,,,,,,
echoes-recovered-jukebox-192284,data/originals/jukebox-192284_tomasito/loc_label.jpg,,,,,,,,,,,,,,
echoes-recovered-jukebox-192292,data/restored/jukebox-192292_las-golondrinas/restored.flac,audio,opensource_audio,"Las golondrinas - Terán De Peralta, María (1917) [LoC transfer + restoration]","Terán De Peralta, María",1917-10-30,"Las golondrinas (Female vocal solo, with guitar). Recorded 1917-10-30, Guayaquil, Ecuador. Disc: Victor 72438, matrix G-2568 (Matrix ID), take 1. Source: Library of Congress, National Jukebox, https://www.loc.gov/item/jukebox-192292/ . This item contains (1) the Library of Congress transfer, losslessly re-encoded from the LoC WAV (PCM MD5 verified identical) and (2) a restored version made by the Echoes Recovered project with documented, non-generative DSP (AR click interpolation, Wiener noise reduction, band-limited filtering, bounded EQ). Full methodology, parameters and code: https://github.com/galaxyvoyager001-art/Echoes-Recovered . Credit line: Library of Congress, National Jukebox.",78rpm,acoustic recording,National Jukebox,Ecuadorian song,['spanish'],https://www.loc.gov/item/jukebox-192292/,Public domain in the United States (sound recording published before 1923; Music Modernization Act). Restoration released under CC0 1.0.,https://creativecommons.org/publicdomain/mark/1.0/
echoes-recovered-jukebox-192292,data/restored/jukebox-192292_las-golondrinas/restored.mp3,,,,,,,,,,,,,,
echoes-recovered-jukebox-192292,data/restored/jukebox-192292_las-golondrinas/ab_compare.mp3,,,,,,,,,,,,,,
echoes-recovered-jukebox-192292,data/restored/jukebox-192292_las-golondrinas/restoration_log.md,,,,,,,,,,,,,,
echoes-recovered-jukebox-192292,data/restored/jukebox-192292_las-golondrinas/spectrogram.jpg,,,,,,,,,,,,,,
echoes-recovered-jukebox-192292,data/restored/jukebox-192292_las-golondrinas/waveform.png,,,,,,,,,,,,,,
echoes-recovered-jukebox-192292,data/restored/jukebox-192292_las-golondrinas/params.json,,,,,,,,,,,,,,
echoes-recovered-jukebox-192292,data/originals/jukebox-192292_las-golondrinas/loc_original.flac,,,,,,,,,,,,,,
echoes-recovered-jukebox-192292,data/originals/jukebox-192292_las-golondrinas/loc_label.jpg,,,,,,,,,,,,,,
echoes-recovered-jukebox-192569,data/restored/jukebox-192569_torna-a-surriento/restored.flac,audio,opensource_audio,"Torna a Surriento - Bianca, Lia (1910) [LoC transfer + restoration]","Bianca, Lia",1910-03-25,"Torna a Surriento (Female vocal solo, with orchestra). Recorded 1910-03-25, Buenos Aires, Argentina. Disc: Victor 62914, matrix R-683 (Matrix ID), take [1]. Source: Library of Congress, National Jukebox, https://www.loc.gov/item/jukebox-192569/ . This item contains (1) the Library of Congress transfer, losslessly re-encoded from the LoC WAV (PCM MD5 verified identical) and (2) a restored version made by the Echoes Recovered project with documented, non-generative DSP (AR click interpolation, Wiener noise reduction, band-limited filtering, bounded EQ). Full methodology, parameters and code: https://github.com/galaxyvoyager001-art/Echoes-Recovered . Credit line: Library of Congress, National Jukebox.",78rpm,acoustic recording,National Jukebox,Neapolitan song,['italian (neapolitan)'],https://www.loc.gov/item/jukebox-192569/,Public domain in the United States (sound recording published before 1923; Music Modernization Act). Restoration released under CC0 1.0.,https://creativecommons.org/publicdomain/mark/1.0/
echoes-recovered-jukebox-192569,data/restored/jukebox-192569_torna-a-surriento/restored.mp3,,,,,,,,,,,,,,
echoes-recovered-jukebox-192569,data/restored/jukebox-192569_torna-a-surriento/ab_compare.mp3,,,,,,,,,,,,,,
echoes-recovered-jukebox-192569,data/restored/jukebox-192569_torna-a-surriento/restoration_log.md,,,,,,,,,,,,,,
echoes-recovered-jukebox-192569,data/restored/jukebox-192569_torna-a-surriento/spectrogram.jpg,,,,,,,,,,,,,,
echoes-recovered-jukebox-192569,data/restored/jukebox-192569_torna-a-surriento/waveform.png,,,,,,,,,,,,,,
echoes-recovered-jukebox-192569,data/restored/jukebox-192569_torna-a-surriento/params.json,,,,,,,,,,,,,,
echoes-recovered-jukebox-192569,data/originals/jukebox-192569_torna-a-surriento/loc_original.flac,,,,,,,,,,,,,,
echoes-recovered-jukebox-192569,data/originals/jukebox-192569_torna-a-surriento/loc_label.jpg,,,,,,,,,,,,,,
echoes-recovered-jukebox-200379,data/restored/jukebox-200379_paisano/restored.flac,audio,opensource_audio,"Paisano - Calle, Manuel Jesús (el Cieguito) (1917) [LoC transfer + restoration]","Calle, Manuel Jesús (el Cieguito)",1917-10-29,"Paisano (Rondador (pan pipes) solo). Recorded 1917-10-29, Guayaquil, Ecuador. Disc: Victor 72442, matrix G-2555 (Matrix ID), take 1. Source: Library of Congress, National Jukebox, https://www.loc.gov/item/jukebox-200379/ . This item contains (1) the Library of Congress transfer, losslessly re-encoded from the LoC WAV (PCM MD5 verified identical) and (2) a restored version made by the Echoes Recovered project with documented, non-generative DSP (AR click interpolation, Wiener noise reduction, band-limited filtering, bounded EQ). Full methodology, parameters and code: https://github.com/galaxyvoyager001-art/Echoes-Recovered . Credit line: Library of Congress, National Jukebox.",78rpm,acoustic recording,National Jukebox,Ecuadorian song,,https://www.loc.gov/item/jukebox-200379/,Public domain in the United States (sound recording published before 1923; Music Modernization Act). Restoration released under CC0 1.0.,https://creativecommons.org/publicdomain/mark/1.0/
echoes-recovered-jukebox-200379,data/restored/jukebox-200379_paisano/restored.mp3,,,,,,,,,,,,,,
echoes-recovered-jukebox-200379,data/restored/jukebox-200379_paisano/ab_compare.mp3,,,,,,,,,,,,,,
echoes-recovered-jukebox-200379,data/restored/jukebox-200379_paisano/restoration_log.md,,,,,,,,,,,,,,
echoes-recovered-jukebox-200379,data/restored/jukebox-200379_paisano/spectrogram.jpg,,,,,,,,,,,,,,
echoes-recovered-jukebox-200379,data/restored/jukebox-200379_paisano/waveform.png,,,,,,,,,,,,,,
echoes-recovered-jukebox-200379,data/restored/jukebox-200379_paisano/params.json,,,,,,,,,,,,,,
echoes-recovered-jukebox-200379,data/originals/jukebox-200379_paisano/loc_original.flac,,,,,,,,,,,,,,
echoes-recovered-jukebox-200379,data/originals/jukebox-200379_paisano/loc_label.jpg,,,,,,,,,,,,,,
echoes-recovered-jukebox-202039,data/restored/jukebox-202039_simpat-a/restored.flac,audio,opensource_audio,Simpatía - Orquesta Típica Venezolana (1917) [LoC transfer + restoration],Orquesta Típica Venezolana,1917-02-02,"Simpatía (Instrumental ensemble). Recorded 1917-02-02, Venezuela, Caracas. Disc: Victor 72691, matrix G-1840 (Matrix ID), take 1. Source: Library of Congress, National Jukebox, https://www.loc.gov/item/jukebox-202039/ . This item contains (1) the Library of Congress transfer, losslessly re-encoded from the LoC WAV (PCM MD5 verified identical) and (2) a restored version made by the Echoes Recovered project with documented, non-generative DSP (AR click interpolation, Wiener noise reduction, band-limited filtering, bounded EQ). Full methodology, parameters and code: https://github.com/galaxyvoyager001-art/Echoes-Recovered . Credit line: Library of Congress, National Jukebox.",78rpm,acoustic recording,National Jukebox,Venezuelan dance orchestra,,https://www.loc.gov/item/jukebox-202039/,Public domain in the United States (sound recording published before 1923; Music Modernization Act). Restoration released under CC0 1.0.,https://creativecommons.org/publicdomain/mark/1.0/
echoes-recovered-jukebox-202039,data/restored/jukebox-202039_simpat-a/restored.mp3,,,,,,,,,,,,,,
echoes-recovered-jukebox-202039,data/restored/jukebox-202039_simpat-a/ab_compare.mp3,,,,,,,,,,,,,,
echoes-recovered-jukebox-202039,data/restored/jukebox-202039_simpat-a/restoration_log.md,,,,,,,,,,,,,,
echoes-recovered-jukebox-202039,data/restored/jukebox-202039_simpat-a/spectrogram.jpg,,,,,,,,,,,,,,
echoes-recovered-jukebox-202039,data/restored/jukebox-202039_simpat-a/waveform.png,,,,,,,,,,,,,,
echoes-recovered-jukebox-202039,data/restored/jukebox-202039_simpat-a/params.json,,,,,,,,,,,,,,
echoes-recovered-jukebox-202039,data/originals/jukebox-202039_simpat-a/loc_original.flac,,,,,,,,,,,,,,
echoes-recovered-jukebox-202039,data/originals/jukebox-202039_simpat-a/loc_label.jpg,,,,,,,,,,,,,,
echoes-recovered-jukebox-202073,data/restored/jukebox-202073_cara-sucia/restored.flac,audio,opensource_audio,"Cara sucia - Riverol, Ignacio (1917) [LoC transfer + restoration]","Riverol, Ignacio",1917-05-15,"Cara sucia (Male vocal solo, with instrumental ensemble). Recorded 1917-05-15, Buenos Aires, Argentina. Disc: Victor 69821, matrix G-2019 (Matrix ID), take 1. Source: Library of Congress, National Jukebox, https://www.loc.gov/item/jukebox-202073/ . This item contains (1) the Library of Congress transfer, losslessly re-encoded from the LoC WAV (PCM MD5 verified identical) and (2) a restored version made by the Echoes Recovered project with documented, non-generative DSP (AR click interpolation, Wiener noise reduction, band-limited filtering, bounded EQ). Full methodology, parameters and code: https://github.com/galaxyvoyager001-art/Echoes-Recovered . Credit line: Library of Congress, National Jukebox.",78rpm,acoustic recording,National Jukebox,Tango,['spanish'],https://www.loc.gov/item/jukebox-202073/,Public domain in the United States (sound recording published before 1923; Music Modernization Act). Restoration released under CC0 1.0.,https://creativecommons.org/publicdomain/mark/1.0/
echoes-recovered-jukebox-202073,data/restored/jukebox-202073_cara-sucia/restored.mp3,,,,,,,,,,,,,,
echoes-recovered-jukebox-202073,data/restored/jukebox-202073_cara-sucia/ab_compare.mp3,,,,,,,,,,,,,,
echoes-recovered-jukebox-202073,data/restored/jukebox-202073_cara-sucia/restoration_log.md,,,,,,,,,,,,,,
echoes-recovered-jukebox-202073,data/restored/jukebox-202073_cara-sucia/spectrogram.jpg,,,,,,,,,,,,,,
echoes-recovered-jukebox-202073,data/restored/jukebox-202073_cara-sucia/waveform.png,,,,,,,,,,,,,,
echoes-recovered-jukebox-202073,data/restored/jukebox-202073_cara-sucia/params.json,,,,,,,,,,,,,,
echoes-recovered-jukebox-202073,data/originals/jukebox-202073_cara-sucia/loc_original.flac,,,,,,,,,,,,,,
echoes-recovered-jukebox-202073,data/originals/jukebox-202073_cara-sucia/loc_label.jpg,,,,,,,,,,,,,,
echoes-recovered-jukebox-202095,data/restored/jukebox-202095_no-me-mires/restored.flac,audio,opensource_audio,No me mires - Cuecas Chilenas (1917) [LoC transfer + restoration],Cuecas Chilenas,1917-06-22,"No me mires (Vocal and instrumental ensemble). Recorded 1917-06-22, Chile, Santiago. Disc: Victor 72033, matrix G-2084 (Matrix ID), take 2. Source: Library of Congress, National Jukebox, https://www.loc.gov/item/jukebox-202095/ . This item contains (1) the Library of Congress transfer, losslessly re-encoded from the LoC WAV (PCM MD5 verified identical) and (2) a restored version made by the Echoes Recovered project with documented, non-generative DSP (AR click interpolation, Wiener noise reduction, band-limited filtering, bounded EQ). Full methodology, parameters and code: https://github.com/galaxyvoyager001-art/Echoes-Recovered . Credit line: Library of Congress, National Jukebox.",78rpm,acoustic recording,National Jukebox,Chilean cueca,['spanish'],https://www.loc.gov/item/jukebox-202095/,Public domain in the United States (sound recording published before 1923; Music Modernization Act). Restoration released under CC0 1.0.,https://creativecommons.org/publicdomain/mark/1.0/
echoes-recovered-jukebox-202095,data/restored/jukebox-202095_no-me-mires/restored.mp3,,,,,,,,,,,,,,
echoes-recovered-jukebox-202095,data/restored/jukebox-202095_no-me-mires/ab_compare.mp3,,,,,,,,,,,,,,
echoes-recovered-jukebox-202095,data/restored/jukebox-202095_no-me-mires/restoration_log.md,,,,,,,,,,,,,,
echoes-recovered-jukebox-202095,data/restored/jukebox-202095_no-me-mires/spectrogram.jpg,,,,,,,,,,,,,,
echoes-recovered-jukebox-202095,data/restored/jukebox-202095_no-me-mires/waveform.png,,,,,,,,,,,,,,
echoes-recovered-jukebox-202095,data/restored/jukebox-202095_no-me-mires/params.json,,,,,,,,,,,,,,
echoes-recovered-jukebox-202095,data/originals/jukebox-202095_no-me-mires/loc_original.flac,,,,,,,,,,,,,,
echoes-recovered-jukebox-202095,data/originals/jukebox-202095_no-me-mires/loc_label.jpg,,,,,,,,,,,,,,
echoes-recovered-jukebox-243821,data/restored/jukebox-243821_clave-uni-n/restored.flac,audio,opensource_audio,"Clave Unión - Colombo, Adolfo (1909) [LoC transfer + restoration]","Colombo, Adolfo",1909-02-04,"Clave Unión (Male vocal duet, with guitar). Recorded 1909-02-04, Cuba, Havana. Disc: Victor 62336, matrix R-220 (Matrix ID), take 1. Source: Library of Congress, National Jukebox, https://www.loc.gov/item/jukebox-243821/ . This item contains (1) the Library of Congress transfer, losslessly re-encoded from the LoC WAV (PCM MD5 verified identical) and (2) a restored version made by the Echoes Recovered project with documented, non-generative DSP (AR click interpolation, Wiener noise reduction, band-limited filtering, bounded EQ). Full methodology, parameters and code: https://github.com/galaxyvoyager001-art/Echoes-Recovered . Credit line: Library of Congress, National Jukebox.",78rpm,acoustic recording,National Jukebox,Cuban song,['spanish'],https://www.loc.gov/item/jukebox-243821/,Public domain in the United States (sound recording published before 1923; Music Modernization Act). Restoration released under CC0 1.0.,https://creativecommons.org/publicdomain/mark/1.0/
echoes-recovered-jukebox-243821,data/restored/jukebox-243821_clave-uni-n/restored.mp3,,,,,,,,,,,,,,
echoes-recovered-jukebox-243821,data/restored/jukebox-243821_clave-uni-n/ab_compare.mp3,,,,,,,,,,,,,,
echoes-recovered-jukebox-243821,data/restored/jukebox-243821_clave-uni-n/restoration_log.md,,,,,,,,,,,,,,
echoes-recovered-jukebox-243821,data/restored/jukebox-243821_clave-uni-n/spectrogram.jpg,,,,,,,,,,,,,,
echoes-recovered-jukebox-243821,data/restored/jukebox-243821_clave-uni-n/waveform.png,,,,,,,,,,,,,,
echoes-recovered-jukebox-243821,data/restored/jukebox-243821_clave-uni-n/params.json,,,,,,,,,,,,,,
echoes-recovered-jukebox-243821,data/originals/jukebox-243821_clave-uni-n/loc_original.flac,,,,,,,,,,,,,,
echoes-recovered-jukebox-243821,data/originals/jukebox-243821_clave-uni-n/loc_label.jpg,,,,,,,,,,,,,,
echoes-recovered-jukebox-243879,data/restored/jukebox-243879_los-tabaqueros/restored.flac,audio,opensource_audio,Los tabaqueros - Orquesta De Enrique Peña (1909) [LoC transfer + restoration],Orquesta De Enrique Peña,1909-02-01,"Los tabaqueros (Orchestra). Recorded 1909-02-01, Cuba, Havana. Disc: Victor 62327, matrix R-188 (Matrix ID), take 1. Source: Library of Congress, National Jukebox, https://www.loc.gov/item/jukebox-243879/ . This item contains (1) the Library of Congress transfer, losslessly re-encoded from the LoC WAV (PCM MD5 verified identical) and (2) a restored version made by the Echoes Recovered project with documented, non-generative DSP (AR click interpolation, Wiener noise reduction, band-limited filtering, bounded EQ). Full methodology, parameters and code: https://github.com/galaxyvoyager001-art/Echoes-Recovered . Credit line: Library of Congress, National Jukebox.",78rpm,acoustic recording,National Jukebox,Cuban dance orchestra,,https://www.loc.gov/item/jukebox-243879/,Public domain in the United States (sound recording published before 1923; Music Modernization Act). Restoration released under CC0 1.0.,https://creativecommons.org/publicdomain/mark/1.0/
echoes-recovered-jukebox-243879,data/restored/jukebox-243879_los-tabaqueros/restored.mp3,,,,,,,,,,,,,,
echoes-recovered-jukebox-243879,data/restored/jukebox-243879_los-tabaqueros/ab_compare.mp3,,,,,,,,,,,,,,
echoes-recovered-jukebox-243879,data/restored/jukebox-243879_los-tabaqueros/restoration_log.md,,,,,,,,,,,,,,
echoes-recovered-jukebox-243879,data/restored/jukebox-243879_los-tabaqueros/spectrogram.jpg,,,,,,,,,,,,,,
echoes-recovered-jukebox-243879,data/restored/jukebox-243879_los-tabaqueros/waveform.png,,,,,,,,,,,,,,
echoes-recovered-jukebox-243879,data/restored/jukebox-243879_los-tabaqueros/params.json,,,,,,,,,,,,,,
echoes-recovered-jukebox-243879,data/originals/jukebox-243879_los-tabaqueros/loc_original.flac,,,,,,,,,,,,,,
echoes-recovered-jukebox-243879,data/originals/jukebox-243879_los-tabaqueros/loc_label.jpg,,,,,,,,,,,,,,
echoes-recovered-jukebox-24786,data/restored/jukebox-24786_over-there/restored.flac,audio,opensource_audio,"Over there - Bayes, Nora (1917) [LoC transfer + restoration]","Bayes, Nora",1917-07-13,"Over there (Female vocal solo, with orchestra). Recorded 1917-07-13, Camden, New Jersey, United States. Disc: Victor 45130, matrix B-20335 (Matrix ID), take 2. Source: Library of Congress, National Jukebox, https://www.loc.gov/item/jukebox-24786/ . This item contains (1) the Library of Congress transfer, losslessly re-encoded from the LoC WAV (PCM MD5 verified identical) and (2) a restored version made by the Echoes Recovered project with documented, non-generative DSP (AR click interpolation, Wiener noise reduction, band-limited filtering, bounded EQ). Full methodology, parameters and code: https://github.com/galaxyvoyager001-art/Echoes-Recovered . Credit line: Library of Congress, National Jukebox.",78rpm,acoustic recording,National Jukebox,Popular song (WWI),['english'],https://www.loc.gov/item/jukebox-24786/,Public domain in the United States (sound recording published before 1923; Music Modernization Act). Restoration released under CC0 1.0.,https://creativecommons.org/publicdomain/mark/1.0/
echoes-recovered-jukebox-24786,data/restored/jukebox-24786_over-there/restored.mp3,,,,,,,,,,,,,,
echoes-recovered-jukebox-24786,data/restored/jukebox-24786_over-there/ab_compare.mp3,,,,,,,,,,,,,,
echoes-recovered-jukebox-24786,data/restored/jukebox-24786_over-there/restoration_log.md,,,,,,,,,,,,,,
echoes-recovered-jukebox-24786,data/restored/jukebox-24786_over-there/spectrogram.jpg,,,,,,,,,,,,,,
echoes-recovered-jukebox-24786,data/restored/jukebox-24786_over-there/waveform.png,,,,,,,,,,,,,,
echoes-recovered-jukebox-24786,data/restored/jukebox-24786_over-there/params.json,,,,,,,,,,,,,,
echoes-recovered-jukebox-24786,data/originals/jukebox-24786_over-there/loc_original.flac,,,,,,,,,,,,,,
echoes-recovered-jukebox-24786,data/originals/jukebox-24786_over-there/loc_label.jpg,,,,,,,,,,,,,,
echoes-recovered-jukebox-250879,data/restored/jukebox-250879_red-wing/restored.flac,audio,opensource_audio,"Red Wing - Macdonough, Harry (1908) [LoC transfer + restoration]","Macdonough, Harry",1908-01-15,"Red Wing (Male vocal duet, with orchestra). Recorded 1908-01-15, New Jersey, Camden, United States. Disc: Victor 17233, matrix B-5023 (Matrix ID), take 3. Source: Library of Congress, National Jukebox, https://www.loc.gov/item/jukebox-250879/ . This item contains (1) the Library of Congress transfer, losslessly re-encoded from the LoC WAV (PCM MD5 verified identical) and (2) a restored version made by the Echoes Recovered project with documented, non-generative DSP (AR click interpolation, Wiener noise reduction, band-limited filtering, bounded EQ). Full methodology, parameters and code: https://github.com/galaxyvoyager001-art/Echoes-Recovered . Credit line: Library of Congress, National Jukebox.",78rpm,acoustic recording,National Jukebox,Popular song,['english'],https://www.loc.gov/item/jukebox-250879/,Public domain in the United States (sound recording published before 1923; Music Modernization Act). Restoration released under CC0 1.0.,https://creativecommons.org/publicdomain/mark/1.0/
echoes-recovered-jukebox-250879,data/restored/jukebox-250879_red-wing/restored.mp3,,,,,,,,,,,,,,
echoes-recovered-jukebox-250879,data/restored/jukebox-250879_red-wing/ab_compare.mp3,,,,,,,,,,,,,,
echoes-recovered-jukebox-250879,data/restored/jukebox-250879_red-wing/restoration_log.md,,,,,,,,,,,,,,
echoes-recovered-jukebox-250879,data/restored/jukebox-250879_red-wing/spectrogram.jpg,,,,,,,,,,,,,,
echoes-recovered-jukebox-250879,data/restored/jukebox-250879_red-wing/waveform.png,,,,,,,,,,,,,,
echoes-recovered-jukebox-250879,data/restored/jukebox-250879_red-wing/params.json,,,,,,,,,,,,,,
echoes-recovered-jukebox-250879,data/originals/jukebox-250879_red-wing/loc_original.flac,,,,,,,,,,,,,,
echoes-recovered-jukebox-250879,data/originals/jukebox-250879_red-wing/loc_label.jpg,,,,,,,,,,,,,,
echoes-recovered-jukebox-28588,data/restored/jukebox-28588_tiger-rag/restored.flac,audio,opensource_audio,Tiger rag - Original Dixieland Jazz Band (1918) [LoC transfer + restoration],Original Dixieland Jazz Band,1918-03-25,"Tiger rag (Jazz/dance band). Recorded 1918-03-25, New York, United States. Disc: Victor 18472, matrix B-21701 (Matrix ID), take 3. Source: Library of Congress, National Jukebox, https://www.loc.gov/item/jukebox-28588/ . This item contains (1) the Library of Congress transfer, losslessly re-encoded from the LoC WAV (PCM MD5 verified identical) and (2) a restored version made by the Echoes Recovered project with documented, non-generative DSP (AR click interpolation, Wiener noise reduction, band-limited filtering, bounded EQ). Full methodology, parameters and code: https://github.com/galaxyvoyager001-art/Echoes-Recovered . Credit line: Library of Congress, National Jukebox.",78rpm,acoustic recording,National Jukebox,Early jazz,,https://www.loc.gov/item/jukebox-28588/,Public domain in the United States (sound recording published before 1923; Music Modernization Act). Restoration released under CC0 1.0.,https://creativecommons.org/publicdomain/mark/1.0/
echoes-recovered-jukebox-28588,data/restored/jukebox-28588_tiger-rag/restored.mp3,,,,,,,,,,,,,,
echoes-recovered-jukebox-28588,data/restored/jukebox-28588_tiger-rag/ab_compare.mp3,,,,,,,,,,,,,,
echoes-recovered-jukebox-28588,data/restored/jukebox-28588_tiger-rag/restoration_log.md,,,,,,,,,,,,,,
echoes-recovered-jukebox-28588,data/restored/jukebox-28588_tiger-rag/spectrogram.jpg,,,,,,,,,,,,,,
echoes-recovered-jukebox-28588,data/restored/jukebox-28588_tiger-rag/waveform.png,,,,,,,,,,,,,,
echoes-recovered-jukebox-28588,data/restored/jukebox-28588_tiger-rag/params.json,,,,,,,,,,,,,,
echoes-recovered-jukebox-28588,data/originals/jukebox-28588_tiger-rag/loc_original.flac,,,,,,,,,,,,,,
echoes-recovered-jukebox-28588,data/originals/jukebox-28588_tiger-rag/loc_label.jpg,,,,,,,,,,,,,,
echoes-recovered-jukebox-292927,data/restored/jukebox-292927_caro-nome/restored.flac,audio,opensource_audio,"Caro nome - Michailova, M. A. (1905) [LoC transfer + restoration]","Michailova, M. A.",1905-12-31,"Caro nome (Soprano vocal solo, with orchestra). Recorded 1905-12-31, St. Petersburg, Russia. Disc: Victor 61141, matrix 2918L (Matrix ID), take [1]. Source: Library of Congress, National Jukebox, https://www.loc.gov/item/jukebox-292927/ . This item contains (1) the Library of Congress transfer, losslessly re-encoded from the LoC WAV (PCM MD5 verified identical) and (2) a restored version made by the Echoes Recovered project with documented, non-generative DSP (AR click interpolation, Wiener noise reduction, band-limited filtering, bounded EQ). Full methodology, parameters and code: https://github.com/galaxyvoyager001-art/Echoes-Recovered . Credit line: Library of Congress, National Jukebox.",78rpm,acoustic recording,National Jukebox,Opera,['russian'],https://www.loc.gov/item/jukebox-292927/,Public domain in the United States (sound recording published before 1923; Music Modernization Act). Restoration released under CC0 1.0.,https://creativecommons.org/publicdomain/mark/1.0/
echoes-recovered-jukebox-292927,data/restored/jukebox-292927_caro-nome/restored.mp3,,,,,,,,,,,,,,
echoes-recovered-jukebox-292927,data/restored/jukebox-292927_caro-nome/ab_compare.mp3,,,,,,,,,,,,,,
echoes-recovered-jukebox-292927,data/restored/jukebox-292927_caro-nome/restoration_log.md,,,,,,,,,,,,,,
echoes-recovered-jukebox-292927,data/restored/jukebox-292927_caro-nome/spectrogram.jpg,,,,,,,,,,,,,,
echoes-recovered-jukebox-292927,data/restored/jukebox-292927_caro-nome/waveform.png,,,,,,,,,,,,,,
echoes-recovered-jukebox-292927,data/restored/jukebox-292927_caro-nome/params.json,,,,,,,,,,,,,,
echoes-recovered-jukebox-292927,data/originals/jukebox-292927_caro-nome/loc_original.flac,,,,,,,,,,,,,,
echoes-recovered-jukebox-292927,data/originals/jukebox-292927_caro-nome/loc_label.jpg,,,,,,,,,,,,,,
echoes-recovered-jukebox-301579,data/restored/jukebox-301579_lied-des-hirtenknaben-und-chor-der-pilge/restored.flac,audio,opensource_audio,"Lied des Hirtenknaben und Chor der Pilger - Runge, Gertrud (1911) [LoC transfer + restoration]","Runge, Gertrud",1911-09-09,"Lied des Hirtenknaben und Chor der Pilger (Soprano vocal solo, with male vocal quartet and orchestra). Recorded 1911-09-09, Berlin, Germany. Disc: Victor 68352, matrix 2376c (Matrix ID), take [1]. Source: Library of Congress, National Jukebox, https://www.loc.gov/item/jukebox-301579/ . This item contains (1) the Library of Congress transfer, losslessly re-encoded from the LoC WAV (PCM MD5 verified identical) and (2) a restored version made by the Echoes Recovered project with documented, non-generative DSP (AR click interpolation, Wiener noise reduction, band-limited filtering, bounded EQ). Full methodology, parameters and code: https://github.com/galaxyvoyager001-art/Echoes-Recovered . Credit line: Library of Congress, National Jukebox.",78rpm,acoustic recording,National Jukebox,Opera,['german'],https://www.loc.gov/item/jukebox-301579/,Public domain in the United States (sound recording published before 1923; Music Modernization Act). Restoration released under CC0 1.0.,https://creativecommons.org/publicdomain/mark/1.0/
echoes-recovered-jukebox-301579,data/restored/jukebox-301579_lied-des-hirtenknaben-und-chor-der-pilge/restored.mp3,,,,,,,,,,,,,,
echoes-recovered-jukebox-301579,data/restored/jukebox-301579_lied-des-hirtenknaben-und-chor-der-pilge/ab_compare.mp3,,,,,,,,,,,,,,
echoes-recovered-jukebox-301579,data/restored/jukebox-301579_lied-des-hirtenknaben-und-chor-der-pilge/restoration_log.md,,,,,,,,,,,,,,
echoes-recovered-jukebox-301579,data/restored/jukebox-301579_lied-des-hirtenknaben-und-chor-der-pilge/spectrogram.jpg,,,,,,,,,,,,,,
echoes-recovered-jukebox-301579,data/restored/jukebox-301579_lied-des-hirtenknaben-und-chor-der-pilge/waveform.png,,,,,,,,,,,,,,
echoes-recovered-jukebox-301579,data/restored/jukebox-301579_lied-des-hirtenknaben-und-chor-der-pilge/params.json,,,,,,,,,,,,,,
echoes-recovered-jukebox-301579,data/originals/jukebox-301579_lied-des-hirtenknaben-und-chor-der-pilge/loc_original.flac,,,,,,,,,,,,,,
echoes-recovered-jukebox-301579,data/originals/jukebox-301579_lied-des-hirtenknaben-und-chor-der-pilge/loc_label.jpg,,,,,,,,,,,,,,
echoes-recovered-jukebox-307138,data/restored/jukebox-307138_cardeal/restored.flac,audio,opensource_audio,"Cardeal - Veiga, Oscar (1912) [LoC transfer + restoration]","Veiga, Oscar",1912-04-26,"Cardeal (Male vocal solo, with violão (guitar)). Recorded 1912-04-26, Rio De Janeiro, Brazil. Disc: Victor 69233, matrix H-749 (Matrix ID), take 1. Source: Library of Congress, National Jukebox, https://www.loc.gov/item/jukebox-307138/ . This item contains (1) the Library of Congress transfer, losslessly re-encoded from the LoC WAV (PCM MD5 verified identical) and (2) a restored version made by the Echoes Recovered project with documented, non-generative DSP (AR click interpolation, Wiener noise reduction, band-limited filtering, bounded EQ). Full methodology, parameters and code: https://github.com/galaxyvoyager001-art/Echoes-Recovered . Credit line: Library of Congress, National Jukebox.",78rpm,acoustic recording,National Jukebox,Brazilian song,['portuguese'],https://www.loc.gov/item/jukebox-307138/,Public domain in the United States (sound recording published before 1923; Music Modernization Act). Restoration released under CC0 1.0.,https://creativecommons.org/publicdomain/mark/1.0/
echoes-recovered-jukebox-307138,data/restored/jukebox-307138_cardeal/restored.mp3,,,,,,,,,,,,,,
echoes-recovered-jukebox-307138,data/restored/jukebox-307138_cardeal/ab_compare.mp3,,,,,,,,,,,,,,
echoes-recovered-jukebox-307138,data/restored/jukebox-307138_cardeal/restoration_log.md,,,,,,,,,,,,,,
echoes-recovered-jukebox-307138,data/restored/jukebox-307138_cardeal/spectrogram.jpg,,,,,,,,,,,,,,
echoes-recovered-jukebox-307138,data/restored/jukebox-307138_cardeal/waveform.png,,,,,,,,,,,,,,
echoes-recovered-jukebox-307138,data/restored/jukebox-307138_cardeal/params.json,,,,,,,,,,,,,,
echoes-recovered-jukebox-307138,data/originals/jukebox-307138_cardeal/loc_original.flac,,,,,,,,,,,,,,
echoes-recovered-jukebox-307138,data/originals/jukebox-307138_cardeal/loc_label.jpg,,,,,,,,,,,,,,
echoes-recovered-jukebox-307261,data/restored/jukebox-307261_le-r-ve/restored.flac,audio,opensource_audio,"Le rêve - Beyle, Léon (1908) [LoC transfer + restoration]","Beyle, Léon",1908-12-31,"Le rêve (Tenor vocal solo, with orchestra). Recorded 1908-12-31, France, Paris. Disc: Victor 45008, matrix 5628h (Matrix ID), take [1]. Source: Library of Congress, National Jukebox, https://www.loc.gov/item/jukebox-307261/ . This item contains (1) the Library of Congress transfer, losslessly re-encoded from the LoC WAV (PCM MD5 verified identical) and (2) a restored version made by the Echoes Recovered project with documented, non-generative DSP (AR click interpolation, Wiener noise reduction, band-limited filtering, bounded EQ). Full methodology, parameters and code: https://github.com/galaxyvoyager001-art/Echoes-Recovered . Credit line: Library of Congress, National Jukebox.",78rpm,acoustic recording,National Jukebox,Opera,['french'],https://www.loc.gov/item/jukebox-307261/,Public domain in the United States (sound recording published before 1923; Music Modernization Act). Restoration released under CC0 1.0.,https://creativecommons.org/publicdomain/mark/1.0/
echoes-recovered-jukebox-307261,data/restored/jukebox-307261_le-r-ve/restored.mp3,,,,,,,,,,,,,,
echoes-recovered-jukebox-307261,data/restored/jukebox-307261_le-r-ve/ab_compare.mp3,,,,,,,,,,,,,,
echoes-recovered-jukebox-307261,data/restored/jukebox-307261_le-r-ve/restoration_log.md,,,,,,,,,,,,,,
echoes-recovered-jukebox-307261,data/restored/jukebox-307261_le-r-ve/spectrogram.jpg,,,,,,,,,,,,,,
echoes-recovered-jukebox-307261,data/restored/jukebox-307261_le-r-ve/waveform.png,,,,,,,,,,,,,,
echoes-recovered-jukebox-307261,data/restored/jukebox-307261_le-r-ve/params.json,,,,,,,,,,,,,,
echoes-recovered-jukebox-307261,data/originals/jukebox-307261_le-r-ve/loc_original.flac,,,,,,,,,,,,,,
echoes-recovered-jukebox-307261,data/originals/jukebox-307261_le-r-ve/loc_label.jpg,,,,,,,,,,,,,,
echoes-recovered-jukebox-317560,data/restored/jukebox-317560_frantic/restored.flac,audio,opensource_audio,"Frantic - Halstead, Henry (1924) [LoC transfer + restoration]","Halstead, Henry",1924-06-20,"Frantic (Jazz/dance band). Recorded 1924-06-20, California, Oakland, United States. Disc: Victor 19513, matrix PB-43 (Matrix ID), take 2. Source: Library of Congress, National Jukebox, https://www.loc.gov/item/jukebox-317560/ . This item contains (1) the Library of Congress transfer, losslessly re-encoded from the LoC WAV (PCM MD5 verified identical) and (2) a restored version made by the Echoes Recovered project with documented, non-generative DSP (AR click interpolation, Wiener noise reduction, band-limited filtering, bounded EQ). Full methodology, parameters and code: https://github.com/galaxyvoyager001-art/Echoes-Recovered . Credit line: Library of Congress, National Jukebox.",78rpm,acoustic recording,National Jukebox,Dance orchestra,,https://www.loc.gov/item/jukebox-317560/,Public domain in the United States (sound recording published before 1923; Music Modernization Act). Restoration released under CC0 1.0.,https://creativecommons.org/publicdomain/mark/1.0/
echoes-recovered-jukebox-317560,data/restored/jukebox-317560_frantic/restored.mp3,,,,,,,,,,,,,,
echoes-recovered-jukebox-317560,data/restored/jukebox-317560_frantic/ab_compare.mp3,,,,,,,,,,,,,,
echoes-recovered-jukebox-317560,data/restored/jukebox-317560_frantic/restoration_log.md,,,,,,,,,,,,,,
echoes-recovered-jukebox-317560,data/restored/jukebox-317560_frantic/spectrogram.jpg,,,,,,,,,,,,,,
echoes-recovered-jukebox-317560,data/restored/jukebox-317560_frantic/waveform.png,,,,,,,,,,,,,,
echoes-recovered-jukebox-317560,data/restored/jukebox-317560_frantic/params.json,,,,,,,,,,,,,,
echoes-recovered-jukebox-317560,data/originals/jukebox-317560_frantic/loc_original.flac,,,,,,,,,,,,,,
echoes-recovered-jukebox-317560,data/originals/jukebox-317560_frantic/loc_label.jpg,,,,,,,,,,,,,,
echoes-recovered-jukebox-324371,data/restored/jukebox-324371_imita-o-d-um-batuque-africano/restored.flac,audio,opensource_audio,"Imitação d'um batuque africano - Nunes, Cezar (1907) [LoC transfer + restoration]","Nunes, Cezar",1907-11-01,"Imitação d'um batuque africano (Male vocal solo, with guitar). Recorded 1907-11-01, Rio De Janeiro, Brazil. Disc: Victor 69244, matrix 6-G (Matrix ID), take [1]. Source: Library of Congress, National Jukebox, https://www.loc.gov/item/jukebox-324371/ . This item contains (1) the Library of Congress transfer, losslessly re-encoded from the LoC WAV (PCM MD5 verified identical) and (2) a restored version made by the Echoes Recovered project with documented, non-generative DSP (AR click interpolation, Wiener noise reduction, band-limited filtering, bounded EQ). Full methodology, parameters and code: https://github.com/galaxyvoyager001-art/Echoes-Recovered . Credit line: Library of Congress, National Jukebox.",78rpm,acoustic recording,National Jukebox,Brazilian song,['portuguese'],https://www.loc.gov/item/jukebox-324371/,Public domain in the United States (sound recording published before 1923; Music Modernization Act). Restoration released under CC0 1.0.,https://creativecommons.org/publicdomain/mark/1.0/
echoes-recovered-jukebox-324371,data/restored/jukebox-324371_imita-o-d-um-batuque-africano/restored.mp3,,,,,,,,,,,,,,
echoes-recovered-jukebox-324371,data/restored/jukebox-324371_imita-o-d-um-batuque-africano/ab_compare.mp3,,,,,,,,,,,,,,
echoes-recovered-jukebox-324371,data/restored/jukebox-324371_imita-o-d-um-batuque-africano/restoration_log.md,,,,,,,,,,,,,,
echoes-recovered-jukebox-324371,data/restored/jukebox-324371_imita-o-d-um-batuque-africano/spectrogram.jpg,,,,,,,,,,,,,,
echoes-recovered-jukebox-324371,data/restored/jukebox-324371_imita-o-d-um-batuque-africano/waveform.png,,,,,,,,,,,,,,
echoes-recovered-jukebox-324371,data/restored/jukebox-324371_imita-o-d-um-batuque-africano/params.json,,,,,,,,,,,,,,
echoes-recovered-jukebox-324371,data/originals/jukebox-324371_imita-o-d-um-batuque-africano/loc_original.flac,,,,,,,,,,,,,,
echoes-recovered-jukebox-324371,data/originals/jukebox-324371_imita-o-d-um-batuque-africano/loc_label.jpg,,,,,,,,,,,,,,
echoes-recovered-jukebox-326857,data/restored/jukebox-326857_tokiwazu-modoribashi/restored.flac,audio,opensource_audio,Tokiwazu  Modoribashi - Kin'nosuke (1902) [LoC transfer + restoration],Kin'nosuke,1902-12-31,"Tokiwazu  Modoribashi (Female vocal solo, with shamisen). Recorded 1902-12-31, Japan, Tokyo. Disc: Victor 11256, matrix A-11256 (Matrix ID), take [1]. Source: Library of Congress, National Jukebox, https://www.loc.gov/item/jukebox-326857/ . This item contains (1) the Library of Congress transfer, losslessly re-encoded from the LoC WAV (PCM MD5 verified identical) and (2) a restored version made by the Echoes Recovered project with documented, non-generative DSP (AR click interpolation, Wiener noise reduction, band-limited filtering, bounded EQ). Full methodology, parameters and code: https://github.com/galaxyvoyager001-art/Echoes-Recovered . Credit line: Library of Congress, National Jukebox.",78rpm,acoustic recording,National Jukebox,Japanese music,['japanese'],https://www.loc.gov/item/jukebox-326857/,Public domain in the United States (sound recording published before 1923; Music Modernization Act). Restoration released under CC0 1.0.,https://creativecommons.org/publicdomain/mark/1.0/
echoes-recovered-jukebox-326857,data/restored/jukebox-326857_tokiwazu-modoribashi/restored.mp3,,,,,,,,,,,,,,
echoes-recovered-jukebox-326857,data/restored/jukebox-326857_tokiwazu-modoribashi/ab_compare.mp3,,,,,,,,,,,,,,
echoes-recovered-jukebox-326857,data/restored/jukebox-326857_tokiwazu-modoribashi/restoration_log.md,,,,,,,,,,,,,,
echoes-recovered-jukebox-326857,data/restored/jukebox-326857_tokiwazu-modoribashi/spectrogram.jpg,,,,,,,,,,,,,,
echoes-recovered-jukebox-326857,data/restored/jukebox-326857_tokiwazu-modoribashi/waveform.png,,,,,,,,,,,,,,
echoes-recovered-jukebox-326857,data/restored/jukebox-326857_tokiwazu-modoribashi/params.json,,,,,,,,,,,,,,
echoes-recovered-jukebox-326857,data/originals/jukebox-326857_tokiwazu-modoribashi/loc_original.flac,,,,,,,,,,,,,,
echoes-recovered-jukebox-326857,data/originals/jukebox-326857_tokiwazu-modoribashi/loc_label.jpg,,,,,,,,,,,,,,
echoes-recovered-jukebox-326858,data/restored/jukebox-326858_jo-ruri-tsubozakadera-sawa-shinai/restored.flac,audio,opensource_audio,"Jōruri  Tsubozakadera : Sawa shinai (浄瑠璃  壷坂寺 : 澤市内) - Toyotake, Roshō (1906) [LoC transfer + restoration]","Toyotake, Roshō",1906-11-30,"Jōruri  Tsubozakadera : Sawa shinai (浄瑠璃  壷坂寺 : 澤市内) (Female vocal solo, with shamisen). Recorded 1906-11-30, Japan, Osaka. Disc: Victor 11154, matrix 4815e (Matrix ID), take [1]. Source: Library of Congress, National Jukebox, https://www.loc.gov/item/jukebox-326858/ . This item contains (1) the Library of Congress transfer, losslessly re-encoded from the LoC WAV (PCM MD5 verified identical) and (2) a restored version made by the Echoes Recovered project with documented, non-generative DSP (AR click interpolation, Wiener noise reduction, band-limited filtering, bounded EQ). Full methodology, parameters and code: https://github.com/galaxyvoyager001-art/Echoes-Recovered . Credit line: Library of Congress, National Jukebox.",78rpm,acoustic recording,National Jukebox,Japanese music,['japanese'],https://www.loc.gov/item/jukebox-326858/,Public domain in the United States (sound recording published before 1923; Music Modernization Act). Restoration released under CC0 1.0.,https://creativecommons.org/publicdomain/mark/1.0/
echoes-recovered-jukebox-326858,data/restored/jukebox-326858_jo-ruri-tsubozakadera-sawa-shinai/restored.mp3,,,,,,,,,,,,,,
echoes-recovered-jukebox-326858,data/restored/jukebox-326858_jo-ruri-tsubozakadera-sawa-shinai/ab_compare.mp3,,,,,,,,,,,,,,
echoes-recovered-jukebox-326858,data/restored/jukebox-326858_jo-ruri-tsubozakadera-sawa-shinai/restoration_log.md,,,,,,,,,,,,,,
echoes-recovered-jukebox-326858,data/restored/jukebox-326858_jo-ruri-tsubozakadera-sawa-shinai/spectrogram.jpg,,,,,,,,,,,,,,
echoes-recovered-jukebox-326858,data/restored/jukebox-326858_jo-ruri-tsubozakadera-sawa-shinai/waveform.png,,,,,,,,,,,,,,
echoes-recovered-jukebox-326858,data/restored/jukebox-326858_jo-ruri-tsubozakadera-sawa-shinai/params.json,,,,,,,,,,,,,,
echoes-recovered-jukebox-326858,data/originals/jukebox-326858_jo-ruri-tsubozakadera-sawa-shinai/loc_original.flac,,,,,,,,,,,,,,
echoes-recovered-jukebox-326858,data/originals/jukebox-326858_jo-ruri-tsubozakadera-sawa-shinai/loc_label.jpg,,,,,,,,,,,,,,
echoes-recovered-jukebox-327940,data/restored/jukebox-327940_minu-de-la-sinfonia-iia/restored.flac,audio,opensource_audio,Minué de la sinfonia IIa - Banda Del Real Cuerpo De Guardias Alabarderos De Madrid (1909) [LoC transfer + restoration],Banda Del Real Cuerpo De Guardias Alabarderos De Madrid,1909-02-06,"Minué de la sinfonia IIa (Band). Recorded 1909-02-06, Madrid, Spain. Disc: Victor 62660, matrix 342y (Matrix ID), take [1]. Source: Library of Congress, National Jukebox, https://www.loc.gov/item/jukebox-327940/ . This item contains (1) the Library of Congress transfer, losslessly re-encoded from the LoC WAV (PCM MD5 verified identical) and (2) a restored version made by the Echoes Recovered project with documented, non-generative DSP (AR click interpolation, Wiener noise reduction, band-limited filtering, bounded EQ). Full methodology, parameters and code: https://github.com/galaxyvoyager001-art/Echoes-Recovered . Credit line: Library of Congress, National Jukebox.",78rpm,acoustic recording,National Jukebox,Band,,https://www.loc.gov/item/jukebox-327940/,Public domain in the United States (sound recording published before 1923; Music Modernization Act). Restoration released under CC0 1.0.,https://creativecommons.org/publicdomain/mark/1.0/
echoes-recovered-jukebox-327940,data/restored/jukebox-327940_minu-de-la-sinfonia-iia/restored.mp3,,,,,,,,,,,,,,
echoes-recovered-jukebox-327940,data/restored/jukebox-327940_minu-de-la-sinfonia-iia/ab_compare.mp3,,,,,,,,,,,,,,
echoes-recovered-jukebox-327940,data/restored/jukebox-327940_minu-de-la-sinfonia-iia/restoration_log.md,,,,,,,,,,,,,,
echoes-recovered-jukebox-327940,data/restored/jukebox-327940_minu-de-la-sinfonia-iia/spectrogram.jpg,,,,,,,,,,,,,,
echoes-recovered-jukebox-327940,data/restored/jukebox-327940_minu-de-la-sinfonia-iia/waveform.png,,,,,,,,,,,,,,
echoes-recovered-jukebox-327940,data/restored/jukebox-327940_minu-de-la-sinfonia-iia/params.json,,,,,,,,,,,,,,
echoes-recovered-jukebox-327940,data/originals/jukebox-327940_minu-de-la-sinfonia-iia/loc_original.flac,,,,,,,,,,,,,,
echoes-recovered-jukebox-327940,data/originals/jukebox-327940_minu-de-la-sinfonia-iia/loc_label.jpg,,,,,,,,,,,,,,
echoes-recovered-jukebox-330876,data/restored/jukebox-330876_zabyty-nieznia-lobzania/restored.flac,audio,opensource_audio,"Zabyty nieznia lobzania - Kartaschoff, I. (1908) [LoC transfer + restoration]","Kartaschoff, I.",1908-12-31,"Zabyty nieznia lobzania (Male vocal solo, with piano). Recorded 1908-12-31, St. Petersburg, Russia. Disc: Victor 73152, matrix 7458L (Matrix ID), take [1]. Source: Library of Congress, National Jukebox, https://www.loc.gov/item/jukebox-330876/ . This item contains (1) the Library of Congress transfer, losslessly re-encoded from the LoC WAV (PCM MD5 verified identical) and (2) a restored version made by the Echoes Recovered project with documented, non-generative DSP (AR click interpolation, Wiener noise reduction, band-limited filtering, bounded EQ). Full methodology, parameters and code: https://github.com/galaxyvoyager001-art/Echoes-Recovered . Credit line: Library of Congress, National Jukebox.",78rpm,acoustic recording,National Jukebox,Russian song,['english'],https://www.loc.gov/item/jukebox-330876/,Public domain in the United States (sound recording published before 1923; Music Modernization Act). Restoration released under CC0 1.0.,https://creativecommons.org/publicdomain/mark/1.0/
echoes-recovered-jukebox-330876,data/restored/jukebox-330876_zabyty-nieznia-lobzania/restored.mp3,,,,,,,,,,,,,,
echoes-recovered-jukebox-330876,data/restored/jukebox-330876_zabyty-nieznia-lobzania/ab_compare.mp3,,,,,,,,,,,,,,
echoes-recovered-jukebox-330876,data/restored/jukebox-330876_zabyty-nieznia-lobzania/restoration_log.md,,,,,,,,,,,,,,
echoes-recovered-jukebox-330876,data/restored/jukebox-330876_zabyty-nieznia-lobzania/spectrogram.jpg,,,,,,,,,,,,,,
echoes-recovered-jukebox-330876,data/restored/jukebox-330876_zabyty-nieznia-lobzania/waveform.png,,,,,,,,,,,,,,
echoes-recovered-jukebox-330876,data/restored/jukebox-330876_zabyty-nieznia-lobzania/params.json,,,,,,,,,,,,,,
echoes-recovered-jukebox-330876,data/originals/jukebox-330876_zabyty-nieznia-lobzania/loc_original.flac,,,,,,,,,,,,,,
echoes-recovered-jukebox-330876,data/originals/jukebox-330876_zabyty-nieznia-lobzania/loc_label.jpg,,,,,,,,,,,,,,
echoes-recovered-jukebox-334221,data/restored/jukebox-334221_string-beans/restored.flac,audio,opensource_audio,String beans - Montmartre Orchestra (1924) [LoC transfer + restoration],Montmartre Orchestra,1924-06-09,"String beans (Jazz/dance band). Recorded 1924-06-09, California, Los Angeles, United States. Disc: Victor 19379, matrix PB-2 (Matrix ID), take 1. Source: Library of Congress, National Jukebox, https://www.loc.gov/item/jukebox-334221/ . This item contains (1) the Library of Congress transfer, losslessly re-encoded from the LoC WAV (PCM MD5 verified identical) and (2) a restored version made by the Echoes Recovered project with documented, non-generative DSP (AR click interpolation, Wiener noise reduction, band-limited filtering, bounded EQ). Full methodology, parameters and code: https://github.com/galaxyvoyager001-art/Echoes-Recovered . Credit line: Library of Congress, National Jukebox.",78rpm,acoustic recording,National Jukebox,Dance orchestra,,https://www.loc.gov/item/jukebox-334221/,Public domain in the United States (sound recording published before 1923; Music Modernization Act). Restoration released under CC0 1.0.,https://creativecommons.org/publicdomain/mark/1.0/
echoes-recovered-jukebox-334221,data/restored/jukebox-334221_string-beans/restored.mp3,,,,,,,,,,,,,,
echoes-recovered-jukebox-334221,data/restored/jukebox-334221_string-beans/ab_compare.mp3,,,,,,,,,,,,,,
echoes-recovered-jukebox-334221,data/restored/jukebox-334221_string-beans/restoration_log.md,,,,,,,,,,,,,,
echoes-recovered-jukebox-334221,data/restored/jukebox-334221_string-beans/spectrogram.jpg,,,,,,,,,,,,,,
echoes-recovered-jukebox-334221,data/restored/jukebox-334221_string-beans/waveform.png,,,,,,,,,,,,,,
echoes-recovered-jukebox-334221,data/restored/jukebox-334221_string-beans/params.json,,,,,,,,,,,,,,
echoes-recovered-jukebox-334221,data/originals/jukebox-334221_string-beans/loc_original.flac,,,,,,,,,,,,,,
echoes-recovered-jukebox-334221,data/originals/jukebox-334221_string-beans/loc_label.jpg,,,,,,,,,,,,,,
echoes-recovered-jukebox-334237,data/restored/jukebox-334237_mandalay/restored.flac,audio,opensource_audio,Mandalay - Art Hickman's Orchestra (1924) [LoC transfer + restoration],Art Hickman's Orchestra,1924-06-13,"Mandalay (Jazz/dance band). Recorded 1924-06-13, Los Angeles, United States, California. Disc: Victor 19379, matrix PB-20 (Matrix ID), take 4. Source: Library of Congress, National Jukebox, https://www.loc.gov/item/jukebox-334237/ . This item contains (1) the Library of Congress transfer, losslessly re-encoded from the LoC WAV (PCM MD5 verified identical) and (2) a restored version made by the Echoes Recovered project with documented, non-generative DSP (AR click interpolation, Wiener noise reduction, band-limited filtering, bounded EQ). Full methodology, parameters and code: https://github.com/galaxyvoyager001-art/Echoes-Recovered . Credit line: Library of Congress, National Jukebox.",78rpm,acoustic recording,National Jukebox,Dance orchestra,,https://www.loc.gov/item/jukebox-334237/,Public domain in the United States (sound recording published before 1923; Music Modernization Act). Restoration released under CC0 1.0.,https://creativecommons.org/publicdomain/mark/1.0/
echoes-recovered-jukebox-334237,data/restored/jukebox-334237_mandalay/restored.mp3,,,,,,,,,,,,,,
echoes-recovered-jukebox-334237,data/restored/jukebox-334237_mandalay/ab_compare.mp3,,,,,,,,,,,,,,
echoes-recovered-jukebox-334237,data/restored/jukebox-334237_mandalay/restoration_log.md,,,,,,,,,,,,,,
echoes-recovered-jukebox-334237,data/restored/jukebox-334237_mandalay/spectrogram.jpg,,,,,,,,,,,,,,
echoes-recovered-jukebox-334237,data/restored/jukebox-334237_mandalay/waveform.png,,,,,,,,,,,,,,
echoes-recovered-jukebox-334237,data/restored/jukebox-334237_mandalay/params.json,,,,,,,,,,,,,,
echoes-recovered-jukebox-334237,data/originals/jukebox-334237_mandalay/loc_original.flac,,,,,,,,,,,,,,
echoes-recovered-jukebox-334237,data/originals/jukebox-334237_mandalay/loc_label.jpg,,,,,,,,,,,,,,
echoes-recovered-jukebox-334250,data/restored/jukebox-334250_g-wan-with-it/restored.flac,audio,opensource_audio,"G'wan with it - Burtnett, Earl (1924) [LoC transfer + restoration]","Burtnett, Earl",1924-06-10,"G'wan with it (Jazz/dance band). Recorded 1924-06-10, California, Los Angeles, United States. Disc: Victor 19399, matrix PB-6 (Matrix ID), take 4. Source: Library of Congress, National Jukebox, https://www.loc.gov/item/jukebox-334250/ . This item contains (1) the Library of Congress transfer, losslessly re-encoded from the LoC WAV (PCM MD5 verified identical) and (2) a restored version made by the Echoes Recovered project with documented, non-generative DSP (AR click interpolation, Wiener noise reduction, band-limited filtering, bounded EQ). Full methodology, parameters and code: https://github.com/galaxyvoyager001-art/Echoes-Recovered . Credit line: Library of Congress, National Jukebox.",78rpm,acoustic recording,National Jukebox,Dance orchestra,,https://www.loc.gov/item/jukebox-334250/,Public domain in the United States (sound recording published before 1923; Music Modernization Act). Restoration released under CC0 1.0.,https://creativecommons.org/publicdomain/mark/1.0/
echoes-recovered-jukebox-334250,data/restored/jukebox-334250_g-wan-with-it/restored.mp3,,,,,,,,,,,,,,
echoes-recovered-jukebox-334250,data/restored/jukebox-334250_g-wan-with-it/ab_compare.mp3,,,,,,,,,,,,,,
echoes-recovered-jukebox-334250,data/restored/jukebox-334250_g-wan-with-it/restoration_log.md,,,,,,,,,,,,,,
echoes-recovered-jukebox-334250,data/restored/jukebox-334250_g-wan-with-it/spectrogram.jpg,,,,,,,,,,,,,,
echoes-recovered-jukebox-334250,data/restored/jukebox-334250_g-wan-with-it/waveform.png,,,,,,,,,,,,,,
echoes-recovered-jukebox-334250,data/restored/jukebox-334250_g-wan-with-it/params.json,,,,,,,,,,,,,,
echoes-recovered-jukebox-334250,data/originals/jukebox-334250_g-wan-with-it/loc_original.flac,,,,,,,,,,,,,,
echoes-recovered-jukebox-334250,data/originals/jukebox-334250_g-wan-with-it/loc_label.jpg,,,,,,,,,,,,,,
echoes-recovered-jukebox-334419,data/restored/jukebox-334419_rip-saw-blues/restored.flac,audio,opensource_audio,Rip saw blues - Art Landry Orchestra (1924) [LoC transfer + restoration],Art Landry Orchestra,1924-06-18,"Rip saw blues (Jazz/dance band). Recorded 1924-06-18, Oakland, United States, California. Disc: Victor 19398, matrix PB-33 (Matrix ID), take 5. Source: Library of Congress, National Jukebox, https://www.loc.gov/item/jukebox-334419/ . This item contains (1) the Library of Congress transfer, losslessly re-encoded from the LoC WAV (PCM MD5 verified identical) and (2) a restored version made by the Echoes Recovered project with documented, non-generative DSP (AR click interpolation, Wiener noise reduction, band-limited filtering, bounded EQ). Full methodology, parameters and code: https://github.com/galaxyvoyager001-art/Echoes-Recovered . Credit line: Library of Congress, National Jukebox.",78rpm,acoustic recording,National Jukebox,Dance orchestra,,https://www.loc.gov/item/jukebox-334419/,Public domain in the United States (sound recording published before 1923; Music Modernization Act). Restoration released under CC0 1.0.,https://creativecommons.org/publicdomain/mark/1.0/
echoes-recovered-jukebox-334419,data/restored/jukebox-334419_rip-saw-blues/restored.mp3,,,,,,,,,,,,,,
echoes-recovered-jukebox-334419,data/restored/jukebox-334419_rip-saw-blues/ab_compare.mp3,,,,,,,,,,,,,,
echoes-recovered-jukebox-334419,data/restored/jukebox-334419_rip-saw-blues/restoration_log.md,,,,,,,,,,,,,,
echoes-recovered-jukebox-334419,data/restored/jukebox-334419_rip-saw-blues/spectrogram.jpg,,,,,,,,,,,,,,
echoes-recovered-jukebox-334419,data/restored/jukebox-334419_rip-saw-blues/waveform.png,,,,,,,,,,,,,,
echoes-recovered-jukebox-334419,data/restored/jukebox-334419_rip-saw-blues/params.json,,,,,,,,,,,,,,
echoes-recovered-jukebox-334419,data/originals/jukebox-334419_rip-saw-blues/loc_original.flac,,,,,,,,,,,,,,
echoes-recovered-jukebox-334419,data/originals/jukebox-334419_rip-saw-blues/loc_label.jpg,,,,,,,,,,,,,,
echoes-recovered-jukebox-335967,data/restored/jukebox-335967_comme-la-plume-au-vent/restored.flac,audio,opensource_audio,"Comme la plume au vent - Campagnola, Léon (1911) [LoC transfer + restoration]","Campagnola, Léon",1911-07-08,"Comme la plume au vent (Tenor vocal solo, with orchestra). Recorded 1911-07-08, Paris, France. Disc: Victor 45118, matrix 16534u (Matrix ID), take [1]. Source: Library of Congress, National Jukebox, https://www.loc.gov/item/jukebox-335967/ . This item contains (1) the Library of Congress transfer, losslessly re-encoded from the LoC WAV (PCM MD5 verified identical) and (2) a restored version made by the Echoes Recovered project with documented, non-generative DSP (AR click interpolation, Wiener noise reduction, band-limited filtering, bounded EQ). Full methodology, parameters and code: https://github.com/galaxyvoyager001-art/Echoes-Recovered . Credit line: Library of Congress, National Jukebox.",78rpm,acoustic recording,National Jukebox,Opera,['french'],https://www.loc.gov/item/jukebox-335967/,Public domain in the United States (sound recording published before 1923; Music Modernization Act). Restoration released under CC0 1.0.,https://creativecommons.org/publicdomain/mark/1.0/
echoes-recovered-jukebox-335967,data/restored/jukebox-335967_comme-la-plume-au-vent/restored.mp3,,,,,,,,,,,,,,
echoes-recovered-jukebox-335967,data/restored/jukebox-335967_comme-la-plume-au-vent/ab_compare.mp3,,,,,,,,,,,,,,
echoes-recovered-jukebox-335967,data/restored/jukebox-335967_comme-la-plume-au-vent/restoration_log.md,,,,,,,,,,,,,,
echoes-recovered-jukebox-335967,data/restored/jukebox-335967_comme-la-plume-au-vent/spectrogram.jpg,,,,,,,,,,,,,,
echoes-recovered-jukebox-335967,data/restored/jukebox-335967_comme-la-plume-au-vent/waveform.png,,,,,,,,,,,,,,
echoes-recovered-jukebox-335967,data/restored/jukebox-335967_comme-la-plume-au-vent/params.json,,,,,,,,,,,,,,
echoes-recovered-jukebox-335967,data/originals/jukebox-335967_comme-la-plume-au-vent/loc_original.flac,,,,,,,,,,,,,,
echoes-recovered-jukebox-335967,data/originals/jukebox-335967_comme-la-plume-au-vent/loc_label.jpg,,,,,,,,,,,,,,
echoes-recovered-jukebox-339794,data/restored/jukebox-339794_bonnie-sweet-bessie/restored.flac,audio,opensource_audio,"Bonnie sweet Bessie - Dolin, Max (1925) [LoC transfer + restoration]","Dolin, Max",1925-01-29,"Bonnie sweet Bessie (Violin solo, with piano). Recorded 1925-01-29, Oakland, California, United States. Disc: Victor 19592, matrix PB-67 (Matrix ID), take 1. Source: Library of Congress, National Jukebox, https://www.loc.gov/item/jukebox-339794/ . This item contains (1) the Library of Congress transfer, losslessly re-encoded from the LoC WAV (PCM MD5 verified identical) and (2) a restored version made by the Echoes Recovered project with documented, non-generative DSP (AR click interpolation, Wiener noise reduction, band-limited filtering, bounded EQ). Full methodology, parameters and code: https://github.com/galaxyvoyager001-art/Echoes-Recovered . Credit line: Library of Congress, National Jukebox.",78rpm,acoustic recording,National Jukebox,Violin music,,https://www.loc.gov/item/jukebox-339794/,Public domain in the United States (sound recording published before 1923; Music Modernization Act). Restoration released under CC0 1.0.,https://creativecommons.org/publicdomain/mark/1.0/
echoes-recovered-jukebox-339794,data/restored/jukebox-339794_bonnie-sweet-bessie/restored.mp3,,,,,,,,,,,,,,
echoes-recovered-jukebox-339794,data/restored/jukebox-339794_bonnie-sweet-bessie/ab_compare.mp3,,,,,,,,,,,,,,
echoes-recovered-jukebox-339794,data/restored/jukebox-339794_bonnie-sweet-bessie/restoration_log.md,,,,,,,,,,,,,,
echoes-recovered-jukebox-339794,data/restored/jukebox-339794_bonnie-sweet-bessie/spectrogram.jpg,,,,,,,,,,,,,,
echoes-recovered-jukebox-339794,data/restored/jukebox-339794_bonnie-sweet-bessie/waveform.png,,,,,,,,,,,,,,
echoes-recovered-jukebox-339794,data/restored/jukebox-339794_bonnie-sweet-bessie/params.json,,,,,,,,,,,,,,
echoes-recovered-jukebox-339794,data/originals/jukebox-339794_bonnie-sweet-bessie/loc_original.flac,,,,,,,,,,,,,,
echoes-recovered-jukebox-339794,data/originals/jukebox-339794_bonnie-sweet-bessie/loc_label.jpg,,,,,,,,,,,,,,
echoes-recovered-jukebox-340004,data/restored/jukebox-340004_d-o-de-josepini-y-querubini/restored.flac,audio,opensource_audio,"Dúo de Josepini y Querubini - Sagi-barba, Emilio (1915) [LoC transfer + restoration]","Sagi-barba, Emilio",1915-01-19,"Dúo de Josepini y Querubini (Vocal duet (tenor and baritone), with orchestra). Recorded 1915-01-19, Madrid, Spain. Disc: Victor 45289, matrix 19007u (Matrix ID), take [1]. Source: Library of Congress, National Jukebox, https://www.loc.gov/item/jukebox-340004/ . This item contains (1) the Library of Congress transfer, losslessly re-encoded from the LoC WAV (PCM MD5 verified identical) and (2) a restored version made by the Echoes Recovered project with documented, non-generative DSP (AR click interpolation, Wiener noise reduction, band-limited filtering, bounded EQ). Full methodology, parameters and code: https://github.com/galaxyvoyager001-art/Echoes-Recovered . Credit line: Library of Congress, National Jukebox.",78rpm,acoustic recording,National Jukebox,Zarzuela,['spanish'],https://www.loc.gov/item/jukebox-340004/,Public domain in the United States (sound recording published before 1923; Music Modernization Act). Restoration released under CC0 1.0.,https://creativecommons.org/publicdomain/mark/1.0/
echoes-recovered-jukebox-340004,data/restored/jukebox-340004_d-o-de-josepini-y-querubini/restored.mp3,,,,,,,,,,,,,,
echoes-recovered-jukebox-340004,data/restored/jukebox-340004_d-o-de-josepini-y-querubini/ab_compare.mp3,,,,,,,,,,,,,,
echoes-recovered-jukebox-340004,data/restored/jukebox-340004_d-o-de-josepini-y-querubini/restoration_log.md,,,,,,,,,,,,,,
echoes-recovered-jukebox-340004,data/restored/jukebox-340004_d-o-de-josepini-y-querubini/spectrogram.jpg,,,,,,,,,,,,,,
echoes-recovered-jukebox-340004,data/restored/jukebox-340004_d-o-de-josepini-y-querubini/waveform.png,,,,,,,,,,,,,,
echoes-recovered-jukebox-340004,data/restored/jukebox-340004_d-o-de-josepini-y-querubini/params.json,,,,,,,,,,,,,,
echoes-recovered-jukebox-340004,data/originals/jukebox-340004_d-o-de-josepini-y-querubini/loc_original.flac,,,,,,,,,,,,,,
echoes-recovered-jukebox-340004,data/originals/jukebox-340004_d-o-de-josepini-y-querubini/loc_label.jpg,,,,,,,,,,,,,,
echoes-recovered-jukebox-34232,data/restored/jukebox-34232_dardanella/restored.flac,audio,opensource_audio,Dardanella - Selvin's Novelty Orchestra (1919) [LoC transfer + restoration],Selvin's Novelty Orchestra,1919-11-20,"Dardanella (Jazz/dance band). Recorded 1919-11-20, New York, United States. Disc: Victor 18633, matrix B-23344 (Matrix ID), take 3. Source: Library of Congress, National Jukebox, https://www.loc.gov/item/jukebox-34232/ . This item contains (1) the Library of Congress transfer, losslessly re-encoded from the LoC WAV (PCM MD5 verified identical) and (2) a restored version made by the Echoes Recovered project with documented, non-generative DSP (AR click interpolation, Wiener noise reduction, band-limited filtering, bounded EQ). Full methodology, parameters and code: https://github.com/galaxyvoyager001-art/Echoes-Recovered . Credit line: Library of Congress, National Jukebox.",78rpm,acoustic recording,National Jukebox,Dance orchestra,,https://www.loc.gov/item/jukebox-34232/,Public domain in the United States (sound recording published before 1923; Music Modernization Act). Restoration released under CC0 1.0.,https://creativecommons.org/publicdomain/mark/1.0/
echoes-recovered-jukebox-34232,data/restored/jukebox-34232_dardanella/restored.mp3,,,,,,,,,,,,,,
echoes-recovered-jukebox-34232,data/restored/jukebox-34232_dardanella/ab_compare.mp3,,,,,,,,,,,,,,
echoes-recovered-jukebox-34232,data/restored/jukebox-34232_dardanella/restoration_log.md,,,,,,,,,,,,,,
echoes-recovered-jukebox-34232,data/restored/jukebox-34232_dardanella/spectrogram.jpg,,,,,,,,,,,,,,
echoes-recovered-jukebox-34232,data/restored/jukebox-34232_dardanella/waveform.png,,,,,,,,,,,,,,
echoes-recovered-jukebox-34232,data/restored/jukebox-34232_dardanella/params.json,,,,,,,,,,,,,,
echoes-recovered-jukebox-34232,data/originals/jukebox-34232_dardanella/loc_original.flac,,,,,,,,,,,,,,
echoes-recovered-jukebox-34232,data/originals/jukebox-34232_dardanella/loc_label.jpg,,,,,,,,,,,,,,
echoes-recovered-jukebox-37810,data/restored/jukebox-37810_whispering/restored.flac,audio,opensource_audio,Whispering - Ambassador Orchestra (1920) [LoC transfer + restoration],Ambassador Orchestra,1920-08-23,"Whispering (Jazz/dance band). Recorded 1920-08-23, Camden, United States, New Jersey. Disc: Victor 18690, matrix B-24393 (Matrix ID), take 9. Source: Library of Congress, National Jukebox, https://www.loc.gov/item/jukebox-37810/ . This item contains (1) the Library of Congress transfer, losslessly re-encoded from the LoC WAV (PCM MD5 verified identical) and (2) a restored version made by the Echoes Recovered project with documented, non-generative DSP (AR click interpolation, Wiener noise reduction, band-limited filtering, bounded EQ). Full methodology, parameters and code: https://github.com/galaxyvoyager001-art/Echoes-Recovered . Credit line: Library of Congress, National Jukebox.",78rpm,acoustic recording,National Jukebox,Dance orchestra,,https://www.loc.gov/item/jukebox-37810/,Public domain in the United States (sound recording published before 1923; Music Modernization Act). Restoration released under CC0 1.0.,https://creativecommons.org/publicdomain/mark/1.0/
echoes-recovered-jukebox-37810,data/restored/jukebox-37810_whispering/restored.mp3,,,,,,,,,,,,,,
echoes-recovered-jukebox-37810,data/restored/jukebox-37810_whispering/ab_compare.mp3,,,,,,,,,,,,,,
echoes-recovered-jukebox-37810,data/restored/jukebox-37810_whispering/restoration_log.md,,,,,,,,,,,,,,
echoes-recovered-jukebox-37810,data/restored/jukebox-37810_whispering/spectrogram.jpg,,,,,,,,,,,,,,
echoes-recovered-jukebox-37810,data/restored/jukebox-37810_whispering/waveform.png,,,,,,,,,,,,,,
echoes-recovered-jukebox-37810,data/restored/jukebox-37810_whispering/params.json,,,,,,,,,,,,,,
echoes-recovered-jukebox-37810,data/originals/jukebox-37810_whispering/loc_original.flac,,,,,,,,,,,,,,
echoes-recovered-jukebox-37810,data/originals/jukebox-37810_whispering/loc_label.jpg,,,,,,,,,,,,,,
echoes-recovered-jukebox-40562,data/restored/jukebox-40562_ain-t-we-got-fun/restored.flac,audio,opensource_audio,Ain't we got fun - Benson Orchestra Of Chicago (1921) [LoC transfer + restoration],Benson Orchestra Of Chicago,1921-04-11,"Ain't we got fun (Jazz/dance band). Recorded 1921-04-11, Chicago, Illinois, United States. Disc: Victor 18757, matrix B-25150 (Matrix ID), take 4. Source: Library of Congress, National Jukebox, https://www.loc.gov/item/jukebox-40562/ . This item contains (1) the Library of Congress transfer, losslessly re-encoded from the LoC WAV (PCM MD5 verified identical) and (2) a restored version made by the Echoes Recovered project with documented, non-generative DSP (AR click interpolation, Wiener noise reduction, band-limited filtering, bounded EQ). Full methodology, parameters and code: https://github.com/galaxyvoyager001-art/Echoes-Recovered . Credit line: Library of Congress, National Jukebox.",78rpm,acoustic recording,National Jukebox,Dance orchestra,,https://www.loc.gov/item/jukebox-40562/,Public domain in the United States (sound recording published before 1923; Music Modernization Act). Restoration released under CC0 1.0.,https://creativecommons.org/publicdomain/mark/1.0/
echoes-recovered-jukebox-40562,data/restored/jukebox-40562_ain-t-we-got-fun/restored.mp3,,,,,,,,,,,,,,
echoes-recovered-jukebox-40562,data/restored/jukebox-40562_ain-t-we-got-fun/ab_compare.mp3,,,,,,,,,,,,,,
echoes-recovered-jukebox-40562,data/restored/jukebox-40562_ain-t-we-got-fun/restoration_log.md,,,,,,,,,,,,,,
echoes-recovered-jukebox-40562,data/restored/jukebox-40562_ain-t-we-got-fun/spectrogram.jpg,,,,,,,,,,,,,,
echoes-recovered-jukebox-40562,data/restored/jukebox-40562_ain-t-we-got-fun/waveform.png,,,,,,,,,,,,,,
echoes-recovered-jukebox-40562,data/restored/jukebox-40562_ain-t-we-got-fun/params.json,,,,,,,,,,,,,,
echoes-recovered-jukebox-40562,data/originals/jukebox-40562_ain-t-we-got-fun/loc_original.flac,,,,,,,,,,,,,,
echoes-recovered-jukebox-40562,data/originals/jukebox-40562_ain-t-we-got-fun/loc_label.jpg,,,,,,,,,,,,,,
echoes-recovered-jukebox-41556,data/restored/jukebox-41556_st-louis-blues/restored.flac,audio,opensource_audio,St. Louis blues - Original Dixieland Jazz Band (1921) [LoC transfer + restoration],Original Dixieland Jazz Band,1921-05-25,"St. Louis blues (Jazz/dance band, with male vocal solo). Recorded 1921-05-25, United States, New York. Disc: Victor 18772, matrix B-25412 (Matrix ID), take 2. Source: Library of Congress, National Jukebox, https://www.loc.gov/item/jukebox-41556/ . This item contains (1) the Library of Congress transfer, losslessly re-encoded from the LoC WAV (PCM MD5 verified identical) and (2) a restored version made by the Echoes Recovered project with documented, non-generative DSP (AR click interpolation, Wiener noise reduction, band-limited filtering, bounded EQ). Full methodology, parameters and code: https://github.com/galaxyvoyager001-art/Echoes-Recovered . Credit line: Library of Congress, National Jukebox.",78rpm,acoustic recording,National Jukebox,Early jazz / blues,['english'],https://www.loc.gov/item/jukebox-41556/,Public domain in the United States (sound recording published before 1923; Music Modernization Act). Restoration released under CC0 1.0.,https://creativecommons.org/publicdomain/mark/1.0/
echoes-recovered-jukebox-41556,data/restored/jukebox-41556_st-louis-blues/restored.mp3,,,,,,,,,,,,,,
echoes-recovered-jukebox-41556,data/restored/jukebox-41556_st-louis-blues/ab_compare.mp3,,,,,,,,,,,,,,
echoes-recovered-jukebox-41556,data/restored/jukebox-41556_st-louis-blues/restoration_log.md,,,,,,,,,,,,,,
echoes-recovered-jukebox-41556,data/restored/jukebox-41556_st-louis-blues/spectrogram.jpg,,,,,,,,,,,,,,
echoes-recovered-jukebox-41556,data/restored/jukebox-41556_st-louis-blues/waveform.png,,,,,,,,,,,,,,
echoes-recovered-jukebox-41556,data/restored/jukebox-41556_st-louis-blues/params.json,,,,,,,,,,,,,,
echoes-recovered-jukebox-41556,data/originals/jukebox-41556_st-louis-blues/loc_original.flac,,,,,,,,,,,,,,
echoes-recovered-jukebox-41556,data/originals/jukebox-41556_st-louis-blues/loc_label.jpg,,,,,,,,,,,,,,
echoes-recovered-jukebox-421918,data/restored/jukebox-421918_el-gaucho-vencido/restored.flac,audio,opensource_audio,"El gaucho vencido - Pérez Freire, Osmán (1922) [LoC transfer + restoration]","Pérez Freire, Osmán",1922-06-16,"El gaucho vencido (Male vocal solo, with piano). Recorded 1922-06-16, Buenos Aires, Argentina. Disc: Victor 73485, matrix BA-68 (Matrix ID), take 1. Source: Library of Congress, National Jukebox, https://www.loc.gov/item/jukebox-421918/ . This item contains (1) the Library of Congress transfer, losslessly re-encoded from the LoC WAV (PCM MD5 verified identical) and (2) a restored version made by the Echoes Recovered project with documented, non-generative DSP (AR click interpolation, Wiener noise reduction, band-limited filtering, bounded EQ). Full methodology, parameters and code: https://github.com/galaxyvoyager001-art/Echoes-Recovered . Credit line: Library of Congress, National Jukebox.",78rpm,acoustic recording,National Jukebox,Chilean song,['spanish'],https://www.loc.gov/item/jukebox-421918/,Public domain in the United States (sound recording published before 1923; Music Modernization Act). Restoration released under CC0 1.0.,https://creativecommons.org/publicdomain/mark/1.0/
echoes-recovered-jukebox-421918,data/restored/jukebox-421918_el-gaucho-vencido/restored.mp3,,,,,,,,,,,,,,
echoes-recovered-jukebox-421918,data/restored/jukebox-421918_el-gaucho-vencido/ab_compare.mp3,,,,,,,,,,,,,,
echoes-recovered-jukebox-421918,data/restored/jukebox-421918_el-gaucho-vencido/restoration_log.md,,,,,,,,,,,,,,
echoes-recovered-jukebox-421918,data/restored/jukebox-421918_el-gaucho-vencido/spectrogram.jpg,,,,,,,,,,,,,,
echoes-recovered-jukebox-421918,data/restored/jukebox-421918_el-gaucho-vencido/waveform.png,,,,,,,,,,,,,,
echoes-recovered-jukebox-421918,data/restored/jukebox-421918_el-gaucho-vencido/params.json,,,,,,,,,,,,,,
echoes-recovered-jukebox-421918,data/originals/jukebox-421918_el-gaucho-vencido/loc_original.flac,,,,,,,,,,,,,,
echoes-recovered-jukebox-421918,data/originals/jukebox-421918_el-gaucho-vencido/loc_label.jpg,,,,,,,,,,,,,,
echoes-recovered-jukebox-42639,data/restored/jukebox-42639_wabash-blues/restored.flac,audio,opensource_audio,"Wabash blues - Bargy, Roy (1921) [LoC transfer + restoration]","Bargy, Roy",1921-09-29,"Wabash blues (Jazz/dance band). Recorded 1921-09-29, Illinois, Chicago, United States. Disc: Victor 18820, matrix B-25703 (Matrix ID), take 1. Source: Library of Congress, National Jukebox, https://www.loc.gov/item/jukebox-42639/ . This item contains (1) the Library of Congress transfer, losslessly re-encoded from the LoC WAV (PCM MD5 verified identical) and (2) a restored version made by the Echoes Recovered project with documented, non-generative DSP (AR click interpolation, Wiener noise reduction, band-limited filtering, bounded EQ). Full methodology, parameters and code: https://github.com/galaxyvoyager001-art/Echoes-Recovered . Credit line: Library of Congress, National Jukebox.",78rpm,acoustic recording,National Jukebox,Dance orchestra,,https://www.loc.gov/item/jukebox-42639/,Public domain in the United States (sound recording published before 1923; Music Modernization Act). Restoration released under CC0 1.0.,https://creativecommons.org/publicdomain/mark/1.0/
echoes-recovered-jukebox-42639,data/restored/jukebox-42639_wabash-blues/restored.mp3,,,,,,,,,,,,,,
echoes-recovered-jukebox-42639,data/restored/jukebox-42639_wabash-blues/ab_compare.mp3,,,,,,,,,,,,,,
echoes-recovered-jukebox-42639,data/restored/jukebox-42639_wabash-blues/restoration_log.md,,,,,,,,,,,,,,
echoes-recovered-jukebox-42639,data/restored/jukebox-42639_wabash-blues/spectrogram.jpg,,,,,,,,,,,,,,
echoes-recovered-jukebox-42639,data/restored/jukebox-42639_wabash-blues/waveform.png,,,,,,,,,,,,,,
echoes-recovered-jukebox-42639,data/restored/jukebox-42639_wabash-blues/params.json,,,,,,,,,,,,,,
echoes-recovered-jukebox-42639,data/originals/jukebox-42639_wabash-blues/loc_original.flac,,,,,,,,,,,,,,
echoes-recovered-jukebox-42639,data/originals/jukebox-42639_wabash-blues/loc_label.jpg,,,,,,,,,,,,,,
echoes-recovered-jukebox-6171,data/restored/jukebox-6171_el-jarabe-tapat-o/restored.flac,audio,opensource_audio,"El jarabe tapatío - Picazo, Leopoldo (1905) [LoC transfer + restoration]","Picazo, Leopoldo",1905-07-17,"El jarabe tapatío (Male vocal duet, with guitar). Recorded 1905-07-17, Mexico City, Mexico. Disc: Victor 62024, matrix 4-Z (Matrix ID), take [1?]. Source: Library of Congress, National Jukebox, https://www.loc.gov/item/jukebox-6171/ . This item contains (1) the Library of Congress transfer, losslessly re-encoded from the LoC WAV (PCM MD5 verified identical) and (2) a restored version made by the Echoes Recovered project with documented, non-generative DSP (AR click interpolation, Wiener noise reduction, band-limited filtering, bounded EQ). Full methodology, parameters and code: https://github.com/galaxyvoyager001-art/Echoes-Recovered . Credit line: Library of Congress, National Jukebox.",78rpm,acoustic recording,National Jukebox,Mexican song,['spanish'],https://www.loc.gov/item/jukebox-6171/,Public domain in the United States (sound recording published before 1923; Music Modernization Act). Restoration released under CC0 1.0.,https://creativecommons.org/publicdomain/mark/1.0/
echoes-recovered-jukebox-6171,data/restored/jukebox-6171_el-jarabe-tapat-o/restored.mp3,,,,,,,,,,,,,,
echoes-recovered-jukebox-6171,data/restored/jukebox-6171_el-jarabe-tapat-o/ab_compare.mp3,,,,,,,,,,,,,,
echoes-recovered-jukebox-6171,data/restored/jukebox-6171_el-jarabe-tapat-o/restoration_log.md,,,,,,,,,,,,,,
echoes-recovered-jukebox-6171,data/restored/jukebox-6171_el-jarabe-tapat-o/spectrogram.jpg,,,,,,,,,,,,,,
echoes-recovered-jukebox-6171,data/restored/jukebox-6171_el-jarabe-tapat-o/waveform.png,,,,,,,,,,,,,,
echoes-recovered-jukebox-6171,data/restored/jukebox-6171_el-jarabe-tapat-o/params.json,,,,,,,,,,,,,,
echoes-recovered-jukebox-6171,data/originals/jukebox-6171_el-jarabe-tapat-o/loc_original.flac,,,,,,,,,,,,,,
echoes-recovered-jukebox-6171,data/originals/jukebox-6171_el-jarabe-tapat-o/loc_label.jpg,,,,,,,,,,,,,,
echoes-recovered-jukebox-6392,data/restored/jukebox-6392_el-guajiro-enamorado/restored.flac,audio,opensource_audio,"El guajiro enamorado - Silveira, Martín (1907) [LoC transfer + restoration]","Silveira, Martín",1907-03-05,"El guajiro enamorado (Male vocal solo, with bandurría). Recorded 1907-03-05, Havana, Cuba. Disc: Victor 62257, matrix O-18 (Matrix ID), take 1. Source: Library of Congress, National Jukebox, https://www.loc.gov/item/jukebox-6392/ . This item contains (1) the Library of Congress transfer, losslessly re-encoded from the LoC WAV (PCM MD5 verified identical) and (2) a restored version made by the Echoes Recovered project with documented, non-generative DSP (AR click interpolation, Wiener noise reduction, band-limited filtering, bounded EQ). Full methodology, parameters and code: https://github.com/galaxyvoyager001-art/Echoes-Recovered . Credit line: Library of Congress, National Jukebox.",78rpm,acoustic recording,National Jukebox,Cuban song,['spanish'],https://www.loc.gov/item/jukebox-6392/,Public domain in the United States (sound recording published before 1923; Music Modernization Act). Restoration released under CC0 1.0.,https://creativecommons.org/publicdomain/mark/1.0/
echoes-recovered-jukebox-6392,data/restored/jukebox-6392_el-guajiro-enamorado/restored.mp3,,,,,,,,,,,,,,
echoes-recovered-jukebox-6392,data/restored/jukebox-6392_el-guajiro-enamorado/ab_compare.mp3,,,,,,,,,,,,,,
echoes-recovered-jukebox-6392,data/restored/jukebox-6392_el-guajiro-enamorado/restoration_log.md,,,,,,,,,,,,,,
echoes-recovered-jukebox-6392,data/restored/jukebox-6392_el-guajiro-enamorado/spectrogram.jpg,,,,,,,,,,,,,,
echoes-recovered-jukebox-6392,data/restored/jukebox-6392_el-guajiro-enamorado/waveform.png,,,,,,,,,,,,,,
echoes-recovered-jukebox-6392,data/restored/jukebox-6392_el-guajiro-enamorado/params.json,,,,,,,,,,,,,,
echoes-recovered-jukebox-6392,data/originals/jukebox-6392_el-guajiro-enamorado/loc_original.flac,,,,,,,,,,,,,,
echoes-recovered-jukebox-6392,data/originals/jukebox-6392_el-guajiro-enamorado/loc_label.jpg,,,,,,,,,,,,,,
echoes-recovered-jukebox-646117,data/restored/jukebox-646117_let-me-call-you-sweetheart/restored.flac,audio,opensource_audio,Let me call you sweetheart - Columbia Quartette (1911) [LoC transfer + restoration],Columbia Quartette,1911-07-28,"Let me call you sweetheart (Male vocal quartet, with orchestra). Recorded 1911-07-28, New York, United States. Disc: Columbia A1057, matrix 19503 (Matrix ID), take 1. Source: Library of Congress, National Jukebox, https://www.loc.gov/item/jukebox-646117/ . This item contains (1) the Library of Congress transfer, losslessly re-encoded from the LoC WAV (PCM MD5 verified identical) and (2) a restored version made by the Echoes Recovered project with documented, non-generative DSP (AR click interpolation, Wiener noise reduction, band-limited filtering, bounded EQ). Full methodology, parameters and code: https://github.com/galaxyvoyager001-art/Echoes-Recovered . Credit line: Library of Congress, National Jukebox.",78rpm,acoustic recording,National Jukebox,Popular song,['english'],https://www.loc.gov/item/jukebox-646117/,Public domain in the United States (sound recording published before 1923; Music Modernization Act). Restoration released under CC0 1.0.,https://creativecommons.org/publicdomain/mark/1.0/
echoes-recovered-jukebox-646117,data/restored/jukebox-646117_let-me-call-you-sweetheart/restored.mp3,,,,,,,,,,,,,,
echoes-recovered-jukebox-646117,data/restored/jukebox-646117_let-me-call-you-sweetheart/ab_compare.mp3,,,,,,,,,,,,,,
echoes-recovered-jukebox-646117,data/restored/jukebox-646117_let-me-call-you-sweetheart/restoration_log.md,,,,,,,,,,,,,,
echoes-recovered-jukebox-646117,data/restored/jukebox-646117_let-me-call-you-sweetheart/spectrogram.jpg,,,,,,,,,,,,,,
echoes-recovered-jukebox-646117,data/restored/jukebox-646117_let-me-call-you-sweetheart/waveform.png,,,,,,,,,,,,,,
echoes-recovered-jukebox-646117,data/restored/jukebox-646117_let-me-call-you-sweetheart/params.json,,,,,,,,,,,,,,
echoes-recovered-jukebox-646117,data/originals/jukebox-646117_let-me-call-you-sweetheart/loc_original.flac,,,,,,,,,,,,,,
echoes-recovered-jukebox-646117,data/originals/jukebox-646117_let-me-call-you-sweetheart/loc_label.jpg,,,,,,,,,,,,,,
echoes-recovered-jukebox-649241,data/restored/jukebox-649241_there-s-ragtime-in-the-air/restored.flac,audio,opensource_audio,There's ragtime in the air - Peerless Quartet (1913) [LoC transfer + restoration],Peerless Quartet,1913-10-07,"There's ragtime in the air (Male vocal quartet, with orchestra). Recorded 1913-10-07, New York, United States. Disc: Columbia A1441, matrix 39033 (Matrix ID), take 3. Source: Library of Congress, National Jukebox, https://www.loc.gov/item/jukebox-649241/ . This item contains (1) the Library of Congress transfer, losslessly re-encoded from the LoC WAV (PCM MD5 verified identical) and (2) a restored version made by the Echoes Recovered project with documented, non-generative DSP (AR click interpolation, Wiener noise reduction, band-limited filtering, bounded EQ). Full methodology, parameters and code: https://github.com/galaxyvoyager001-art/Echoes-Recovered . Credit line: Library of Congress, National Jukebox.",78rpm,acoustic recording,National Jukebox,Ragtime song,['english'],https://www.loc.gov/item/jukebox-649241/,Public domain in the United States (sound recording published before 1923; Music Modernization Act). Restoration released under CC0 1.0.,https://creativecommons.org/publicdomain/mark/1.0/
echoes-recovered-jukebox-649241,data/restored/jukebox-649241_there-s-ragtime-in-the-air/restored.mp3,,,,,,,,,,,,,,
echoes-recovered-jukebox-649241,data/restored/jukebox-649241_there-s-ragtime-in-the-air/ab_compare.mp3,,,,,,,,,,,,,,
echoes-recovered-jukebox-649241,data/restored/jukebox-649241_there-s-ragtime-in-the-air/restoration_log.md,,,,,,,,,,,,,,
echoes-recovered-jukebox-649241,data/restored/jukebox-649241_there-s-ragtime-in-the-air/spectrogram.jpg,,,,,,,,,,,,,,
echoes-recovered-jukebox-649241,data/restored/jukebox-649241_there-s-ragtime-in-the-air/waveform.png,,,,,,,,,,,,,,
echoes-recovered-jukebox-649241,data/restored/jukebox-649241_there-s-ragtime-in-the-air/params.json,,,,,,,,,,,,,,
echoes-recovered-jukebox-649241,data/originals/jukebox-649241_there-s-ragtime-in-the-air/loc_original.flac,,,,,,,,,,,,,,
echoes-recovered-jukebox-649241,data/originals/jukebox-649241_there-s-ragtime-in-the-air/loc_label.jpg,,,,,,,,,,,,,,
echoes-recovered-jukebox-6537,data/restored/jukebox-6537_la-paloma-azul/restored.flac,audio,opensource_audio,"La paloma azul - Abrego, Jesús (1907) [LoC transfer + restoration]","Abrego, Jesús",1907-07-08,"La paloma azul (Male vocal duet, with guitar). Recorded 1907-07-08, Mexico City, Mexico. Disc: Victor 62039, matrix O-186 (Matrix ID), take 1. Source: Library of Congress, National Jukebox, https://www.loc.gov/item/jukebox-6537/ . This item contains (1) the Library of Congress transfer, losslessly re-encoded from the LoC WAV (PCM MD5 verified identical) and (2) a restored version made by the Echoes Recovered project with documented, non-generative DSP (AR click interpolation, Wiener noise reduction, band-limited filtering, bounded EQ). Full methodology, parameters and code: https://github.com/galaxyvoyager001-art/Echoes-Recovered . Credit line: Library of Congress, National Jukebox.",78rpm,acoustic recording,National Jukebox,Mexican song,['spanish'],https://www.loc.gov/item/jukebox-6537/,Public domain in the United States (sound recording published before 1923; Music Modernization Act). Restoration released under CC0 1.0.,https://creativecommons.org/publicdomain/mark/1.0/
echoes-recovered-jukebox-6537,data/restored/jukebox-6537_la-paloma-azul/restored.mp3,,,,,,,,,,,,,,
echoes-recovered-jukebox-6537,data/restored/jukebox-6537_la-paloma-azul/ab_compare.mp3,,,,,,,,,,,,,,
echoes-recovered-jukebox-6537,data/restored/jukebox-6537_la-paloma-azul/restoration_log.md,,,,,,,,,,,,,,
echoes-recovered-jukebox-6537,data/restored/jukebox-6537_la-paloma-azul/spectrogram.jpg,,,,,,,,,,,,,,
echoes-recovered-jukebox-6537,data/restored/jukebox-6537_la-paloma-azul/waveform.png,,,,,,,,,,,,,,
echoes-recovered-jukebox-6537,data/restored/jukebox-6537_la-paloma-azul/params.json,,,,,,,,,,,,,,
echoes-recovered-jukebox-6537,data/originals/jukebox-6537_la-paloma-azul/loc_original.flac,,,,,,,,,,,,,,
echoes-recovered-jukebox-6537,data/originals/jukebox-6537_la-paloma-azul/loc_label.jpg,,,,,,,,,,,,,,
echoes-recovered-jukebox-657649,data/restored/jukebox-657649_livery-stable-blues/restored.flac,audio,opensource_audio,Livery stable blues - Handy's Orchestra (1917) [LoC transfer + restoration],Handy's Orchestra,1917-09-24,"Livery stable blues (Jazz/dance band). Recorded 1917-09-24, New York, United States. Disc: Columbia A2419, matrix 77377 (Matrix ID), take 1. Source: Library of Congress, National Jukebox, https://www.loc.gov/item/jukebox-657649/ . This item contains (1) the Library of Congress transfer, losslessly re-encoded from the LoC WAV (PCM MD5 verified identical) and (2) a restored version made by the Echoes Recovered project with documented, non-generative DSP (AR click interpolation, Wiener noise reduction, band-limited filtering, bounded EQ). Full methodology, parameters and code: https://github.com/galaxyvoyager001-art/Echoes-Recovered . Credit line: Library of Congress, National Jukebox.",78rpm,acoustic recording,National Jukebox,Early jazz / blues,,https://www.loc.gov/item/jukebox-657649/,Public domain in the United States (sound recording published before 1923; Music Modernization Act). Restoration released under CC0 1.0.,https://creativecommons.org/publicdomain/mark/1.0/
echoes-recovered-jukebox-657649,data/restored/jukebox-657649_livery-stable-blues/restored.mp3,,,,,,,,,,,,,,
echoes-recovered-jukebox-657649,data/restored/jukebox-657649_livery-stable-blues/ab_compare.mp3,,,,,,,,,,,,,,
echoes-recovered-jukebox-657649,data/restored/jukebox-657649_livery-stable-blues/restoration_log.md,,,,,,,,,,,,,,
echoes-recovered-jukebox-657649,data/restored/jukebox-657649_livery-stable-blues/spectrogram.jpg,,,,,,,,,,,,,,
echoes-recovered-jukebox-657649,data/restored/jukebox-657649_livery-stable-blues/waveform.png,,,,,,,,,,,,,,
echoes-recovered-jukebox-657649,data/restored/jukebox-657649_livery-stable-blues/params.json,,,,,,,,,,,,,,
echoes-recovered-jukebox-657649,data/originals/jukebox-657649_livery-stable-blues/loc_original.flac,,,,,,,,,,,,,,
echoes-recovered-jukebox-657649,data/originals/jukebox-657649_livery-stable-blues/loc_label.jpg,,,,,,,,,,,,,,
echoes-recovered-jukebox-6619,data/restored/jukebox-6619_lindas-mexicanas/restored.flac,audio,opensource_audio,Lindas mexicanas - Banda De Policía De México (1907) [LoC transfer + restoration],Banda De Policía De México,1907-07-09,"Lindas mexicanas (Band). Recorded 1907-07-09, Mexico City, Mexico. Disc: Victor 62009, matrix O-230 (Matrix ID), take 1. Source: Library of Congress, National Jukebox, https://www.loc.gov/item/jukebox-6619/ . This item contains (1) the Library of Congress transfer, losslessly re-encoded from the LoC WAV (PCM MD5 verified identical) and (2) a restored version made by the Echoes Recovered project with documented, non-generative DSP (AR click interpolation, Wiener noise reduction, band-limited filtering, bounded EQ). Full methodology, parameters and code: https://github.com/galaxyvoyager001-art/Echoes-Recovered . Credit line: Library of Congress, National Jukebox.",78rpm,acoustic recording,National Jukebox,Band,,https://www.loc.gov/item/jukebox-6619/,Public domain in the United States (sound recording published before 1923; Music Modernization Act). Restoration released under CC0 1.0.,https://creativecommons.org/publicdomain/mark/1.0/
echoes-recovered-jukebox-6619,data/restored/jukebox-6619_lindas-mexicanas/restored.mp3,,,,,,,,,,,,,,
echoes-recovered-jukebox-6619,data/restored/jukebox-6619_lindas-mexicanas/ab_compare.mp3,,,,,,,,,,,,,,
echoes-recovered-jukebox-6619,data/restored/jukebox-6619_lindas-mexicanas/restoration_log.md,,,,,,,,,,,,,,
echoes-recovered-jukebox-6619,data/restored/jukebox-6619_lindas-mexicanas/spectrogram.jpg,,,,,,,,,,,,,,
echoes-recovered-jukebox-6619,data/restored/jukebox-6619_lindas-mexicanas/waveform.png,,,,,,,,,,,,,,
echoes-recovered-jukebox-6619,data/restored/jukebox-6619_lindas-mexicanas/params.json,,,,,,,,,,,,,,
echoes-recovered-jukebox-6619,data/originals/jukebox-6619_lindas-mexicanas/loc_original.flac,,,,,,,,,,,,,,
echoes-recovered-jukebox-6619,data/originals/jukebox-6619_lindas-mexicanas/loc_label.jpg,,,,,,,,,,,,,,
echoes-recovered-jukebox-670189,data/restored/jukebox-670189_down-hearted-blues/restored.flac,audio,opensource_audio,"Down hearted blues - Williams, Clarence (1923) [LoC transfer + restoration]","Williams, Clarence",1923-02-15,"Down hearted blues (Female vocal solo (""blues singer""), with piano). Recorded 1923-02-15, United States, New York. Disc: Columbia A3844, matrix 80863 (Matrix ID), take 5. Source: Library of Congress, National Jukebox, https://www.loc.gov/item/jukebox-670189/ . This item contains (1) the Library of Congress transfer, losslessly re-encoded from the LoC WAV (PCM MD5 verified identical) and (2) a restored version made by the Echoes Recovered project with documented, non-generative DSP (AR click interpolation, Wiener noise reduction, band-limited filtering, bounded EQ). Full methodology, parameters and code: https://github.com/galaxyvoyager001-art/Echoes-Recovered . Credit line: Library of Congress, National Jukebox.",78rpm,acoustic recording,National Jukebox,Blues,['english'],https://www.loc.gov/item/jukebox-670189/,Public domain in the United States (sound recording published before 1923; Music Modernization Act). Restoration released under CC0 1.0.,https://creativecommons.org/publicdomain/mark/1.0/
echoes-recovered-jukebox-670189,data/restored/jukebox-670189_down-hearted-blues/restored.mp3,,,,,,,,,,,,,,
echoes-recovered-jukebox-670189,data/restored/jukebox-670189_down-hearted-blues/ab_compare.mp3,,,,,,,,,,,,,,
echoes-recovered-jukebox-670189,data/restored/jukebox-670189_down-hearted-blues/restoration_log.md,,,,,,,,,,,,,,
echoes-recovered-jukebox-670189,data/restored/jukebox-670189_down-hearted-blues/spectrogram.jpg,,,,,,,,,,,,,,
echoes-recovered-jukebox-670189,data/restored/jukebox-670189_down-hearted-blues/waveform.png,,,,,,,,,,,,,,
echoes-recovered-jukebox-670189,data/restored/jukebox-670189_down-hearted-blues/params.json,,,,,,,,,,,,,,
echoes-recovered-jukebox-670189,data/originals/jukebox-670189_down-hearted-blues/loc_original.flac,,,,,,,,,,,,,,
echoes-recovered-jukebox-670189,data/originals/jukebox-670189_down-hearted-blues/loc_label.jpg,,,,,,,,,,,,,,
echoes-recovered-jukebox-670477,data/restored/jukebox-670477_yes-we-have-no-bananas/restored.flac,audio,opensource_audio,Yes! We have no bananas - Furman And Nash (1923) [LoC transfer + restoration],Furman And Nash,1923-03-31,"Yes! We have no bananas (Male vocal duet, with orchestra). Recorded 1923-03-31, New York, United States. Disc: Columbia A3873, matrix 80932 (Matrix ID), take 1. Source: Library of Congress, National Jukebox, https://www.loc.gov/item/jukebox-670477/ . This item contains (1) the Library of Congress transfer, losslessly re-encoded from the LoC WAV (PCM MD5 verified identical) and (2) a restored version made by the Echoes Recovered project with documented, non-generative DSP (AR click interpolation, Wiener noise reduction, band-limited filtering, bounded EQ). Full methodology, parameters and code: https://github.com/galaxyvoyager001-art/Echoes-Recovered . Credit line: Library of Congress, National Jukebox.",78rpm,acoustic recording,National Jukebox,Popular song,['english'],https://www.loc.gov/item/jukebox-670477/,Public domain in the United States (sound recording published before 1923; Music Modernization Act). Restoration released under CC0 1.0.,https://creativecommons.org/publicdomain/mark/1.0/
echoes-recovered-jukebox-670477,data/restored/jukebox-670477_yes-we-have-no-bananas/restored.mp3,,,,,,,,,,,,,,
echoes-recovered-jukebox-670477,data/restored/jukebox-670477_yes-we-have-no-bananas/ab_compare.mp3,,,,,,,,,,,,,,
echoes-recovered-jukebox-670477,data/restored/jukebox-670477_yes-we-have-no-bananas/restoration_log.md,,,,,,,,,,,,,,
echoes-recovered-jukebox-670477,data/restored/jukebox-670477_yes-we-have-no-bananas/spectrogram.jpg,,,,,,,,,,,,,,
echoes-recovered-jukebox-670477,data/restored/jukebox-670477_yes-we-have-no-bananas/waveform.png,,,,,,,,,,,,,,
echoes-recovered-jukebox-670477,data/restored/jukebox-670477_yes-we-have-no-bananas/params.json,,,,,,,,,,,,,,
echoes-recovered-jukebox-670477,data/originals/jukebox-670477_yes-we-have-no-bananas/loc_original.flac,,,,,,,,,,,,,,
echoes-recovered-jukebox-670477,data/originals/jukebox-670477_yes-we-have-no-bananas/loc_label.jpg,,,,,,,,,,,,,,
echoes-recovered-jukebox-671600,data/restored/jukebox-671600_dicty-blues/restored.flac,audio,opensource_audio,Dicty blues - Fletcher Henderson's Orchestra (1923) [LoC transfer + restoration],Fletcher Henderson's Orchestra,1923-09-13,"Dicty blues (Jazz/dance band). Recorded 1923-09-13, New York, United States. Disc: Columbia A3995, matrix 81211 (Matrix ID), take 3. Source: Library of Congress, National Jukebox, https://www.loc.gov/item/jukebox-671600/ . This item contains (1) the Library of Congress transfer, losslessly re-encoded from the LoC WAV (PCM MD5 verified identical) and (2) a restored version made by the Echoes Recovered project with documented, non-generative DSP (AR click interpolation, Wiener noise reduction, band-limited filtering, bounded EQ). Full methodology, parameters and code: https://github.com/galaxyvoyager001-art/Echoes-Recovered . Credit line: Library of Congress, National Jukebox.",78rpm,acoustic recording,National Jukebox,Jazz & blues dance band,,https://www.loc.gov/item/jukebox-671600/,Public domain in the United States (sound recording published before 1923; Music Modernization Act). Restoration released under CC0 1.0.,https://creativecommons.org/publicdomain/mark/1.0/
echoes-recovered-jukebox-671600,data/restored/jukebox-671600_dicty-blues/restored.mp3,,,,,,,,,,,,,,
echoes-recovered-jukebox-671600,data/restored/jukebox-671600_dicty-blues/ab_compare.mp3,,,,,,,,,,,,,,
echoes-recovered-jukebox-671600,data/restored/jukebox-671600_dicty-blues/restoration_log.md,,,,,,,,,,,,,,
echoes-recovered-jukebox-671600,data/restored/jukebox-671600_dicty-blues/spectrogram.jpg,,,,,,,,,,,,,,
echoes-recovered-jukebox-671600,data/restored/jukebox-671600_dicty-blues/waveform.png,,,,,,,,,,,,,,
echoes-recovered-jukebox-671600,data/restored/jukebox-671600_dicty-blues/params.json,,,,,,,,,,,,,,
echoes-recovered-jukebox-671600,data/originals/jukebox-671600_dicty-blues/loc_original.flac,,,,,,,,,,,,,,
echoes-recovered-jukebox-671600,data/originals/jukebox-671600_dicty-blues/loc_label.jpg,,,,,,,,,,,,,,
echoes-recovered-jukebox-671959,data/restored/jukebox-671959_sobbin-blues/restored.flac,audio,opensource_audio,Sobbin' blues - Art Kahn Orchestra (1923) [LoC transfer + restoration],Art Kahn Orchestra,1923-10-16,"Sobbin' blues (Jazz/dance band). Recorded 1923-10-16, Illinois, Chicago, United States. Disc: Columbia 16D, matrix 81306 (Matrix ID), take 1. Source: Library of Congress, National Jukebox, https://www.loc.gov/item/jukebox-671959/ . This item contains (1) the Library of Congress transfer, losslessly re-encoded from the LoC WAV (PCM MD5 verified identical) and (2) a restored version made by the Echoes Recovered project with documented, non-generative DSP (AR click interpolation, Wiener noise reduction, band-limited filtering, bounded EQ). Full methodology, parameters and code: https://github.com/galaxyvoyager001-art/Echoes-Recovered . Credit line: Library of Congress, National Jukebox.",78rpm,acoustic recording,National Jukebox,Jazz & blues dance band,,https://www.loc.gov/item/jukebox-671959/,Public domain in the United States (sound recording published before 1923; Music Modernization Act). Restoration released under CC0 1.0.,https://creativecommons.org/publicdomain/mark/1.0/
echoes-recovered-jukebox-671959,data/restored/jukebox-671959_sobbin-blues/restored.mp3,,,,,,,,,,,,,,
echoes-recovered-jukebox-671959,data/restored/jukebox-671959_sobbin-blues/ab_compare.mp3,,,,,,,,,,,,,,
echoes-recovered-jukebox-671959,data/restored/jukebox-671959_sobbin-blues/restoration_log.md,,,,,,,,,,,,,,
echoes-recovered-jukebox-671959,data/restored/jukebox-671959_sobbin-blues/spectrogram.jpg,,,,,,,,,,,,,,
echoes-recovered-jukebox-671959,data/restored/jukebox-671959_sobbin-blues/waveform.png,,,,,,,,,,,,,,
echoes-recovered-jukebox-671959,data/restored/jukebox-671959_sobbin-blues/params.json,,,,,,,,,,,,,,
echoes-recovered-jukebox-671959,data/originals/jukebox-671959_sobbin-blues/loc_original.flac,,,,,,,,,,,,,,
echoes-recovered-jukebox-671959,data/originals/jukebox-671959_sobbin-blues/loc_label.jpg,,,,,,,,,,,,,,
echoes-recovered-jukebox-671987,data/restored/jukebox-671987_stack-o-lee-blues/restored.flac,audio,opensource_audio,Stack o' Lee blues - Frank Westphal Orchestra (1923) [LoC transfer + restoration],Frank Westphal Orchestra,1923-10-18,"Stack o' Lee blues (Jazz/dance band). Recorded 1923-10-18, Chicago, Illinois, United States. Disc: Columbia 32D, matrix 81315 (Matrix ID), take 2. Source: Library of Congress, National Jukebox, https://www.loc.gov/item/jukebox-671987/ . This item contains (1) the Library of Congress transfer, losslessly re-encoded from the LoC WAV (PCM MD5 verified identical) and (2) a restored version made by the Echoes Recovered project with documented, non-generative DSP (AR click interpolation, Wiener noise reduction, band-limited filtering, bounded EQ). Full methodology, parameters and code: https://github.com/galaxyvoyager001-art/Echoes-Recovered . Credit line: Library of Congress, National Jukebox.",78rpm,acoustic recording,National Jukebox,Jazz & blues dance band,,https://www.loc.gov/item/jukebox-671987/,Public domain in the United States (sound recording published before 1923; Music Modernization Act). Restoration released under CC0 1.0.,https://creativecommons.org/publicdomain/mark/1.0/
echoes-recovered-jukebox-671987,data/restored/jukebox-671987_stack-o-lee-blues/restored.mp3,,,,,,,,,,,,,,
echoes-recovered-jukebox-671987,data/restored/jukebox-671987_stack-o-lee-blues/ab_compare.mp3,,,,,,,,,,,,,,
echoes-recovered-jukebox-671987,data/restored/jukebox-671987_stack-o-lee-blues/restoration_log.md,,,,,,,,,,,,,,
echoes-recovered-jukebox-671987,data/restored/jukebox-671987_stack-o-lee-blues/spectrogram.jpg,,,,,,,,,,,,,,
echoes-recovered-jukebox-671987,data/restored/jukebox-671987_stack-o-lee-blues/waveform.png,,,,,,,,,,,,,,
echoes-recovered-jukebox-671987,data/restored/jukebox-671987_stack-o-lee-blues/params.json,,,,,,,,,,,,,,
echoes-recovered-jukebox-671987,data/originals/jukebox-671987_stack-o-lee-blues/loc_original.flac,,,,,,,,,,,,,,
echoes-recovered-jukebox-671987,data/originals/jukebox-671987_stack-o-lee-blues/loc_label.jpg,,,,,,,,,,,,,,
echoes-recovered-jukebox-672272,data/restored/jukebox-672272_steppin-out/restored.flac,audio,opensource_audio,Steppin' out - Ted Lewis Jazz Band (1923) [LoC transfer + restoration],Ted Lewis Jazz Band,1923-12-04,"Steppin' out (Jazz/dance band). Recorded 1923-12-04, Illinois, Chicago, United States. Disc: Columbia 48D, matrix 81382 (Matrix ID), take 3. Source: Library of Congress, National Jukebox, https://www.loc.gov/item/jukebox-672272/ . This item contains (1) the Library of Congress transfer, losslessly re-encoded from the LoC WAV (PCM MD5 verified identical) and (2) a restored version made by the Echoes Recovered project with documented, non-generative DSP (AR click interpolation, Wiener noise reduction, band-limited filtering, bounded EQ). Full methodology, parameters and code: https://github.com/galaxyvoyager001-art/Echoes-Recovered . Credit line: Library of Congress, National Jukebox.",78rpm,acoustic recording,National Jukebox,Dance orchestra,,https://www.loc.gov/item/jukebox-672272/,Public domain in the United States (sound recording published before 1923; Music Modernization Act). Restoration released under CC0 1.0.,https://creativecommons.org/publicdomain/mark/1.0/
echoes-recovered-jukebox-672272,data/restored/jukebox-672272_steppin-out/restored.mp3,,,,,,,,,,,,,,
echoes-recovered-jukebox-672272,data/restored/jukebox-672272_steppin-out/ab_compare.mp3,,,,,,,,,,,,,,
echoes-recovered-jukebox-672272,data/restored/jukebox-672272_steppin-out/restoration_log.md,,,,,,,,,,,,,,
echoes-recovered-jukebox-672272,data/restored/jukebox-672272_steppin-out/spectrogram.jpg,,,,,,,,,,,,,,
echoes-recovered-jukebox-672272,data/restored/jukebox-672272_steppin-out/waveform.png,,,,,,,,,,,,,,
echoes-recovered-jukebox-672272,data/restored/jukebox-672272_steppin-out/params.json,,,,,,,,,,,,,,
echoes-recovered-jukebox-672272,data/originals/jukebox-672272_steppin-out/loc_original.flac,,,,,,,,,,,,,,
echoes-recovered-jukebox-672272,data/originals/jukebox-672272_steppin-out/loc_label.jpg,,,,,,,,,,,,,,
echoes-recovered-jukebox-673150,data/restored/jukebox-673150_casey-jones/restored.flac,audio,opensource_audio,"Casey Jones - Puckett, Riley (1924) [LoC transfer + restoration]","Puckett, Riley",1924-03-07,"Casey Jones (Male vocal solo, with guitar). Recorded 1924-03-07, United States, Georgia, Atlanta. Disc: Columbia 113D, matrix 81605 (Matrix ID), take 1. Source: Library of Congress, National Jukebox, https://www.loc.gov/item/jukebox-673150/ . This item contains (1) the Library of Congress transfer, losslessly re-encoded from the LoC WAV (PCM MD5 verified identical) and (2) a restored version made by the Echoes Recovered project with documented, non-generative DSP (AR click interpolation, Wiener noise reduction, band-limited filtering, bounded EQ). Full methodology, parameters and code: https://github.com/galaxyvoyager001-art/Echoes-Recovered . Credit line: Library of Congress, National Jukebox.",78rpm,acoustic recording,National Jukebox,Early country music,['english'],https://www.loc.gov/item/jukebox-673150/,Public domain in the United States (sound recording published before 1923; Music Modernization Act). Restoration released under CC0 1.0.,https://creativecommons.org/publicdomain/mark/1.0/
echoes-recovered-jukebox-673150,data/restored/jukebox-673150_casey-jones/restored.mp3,,,,,,,,,,,,,,
echoes-recovered-jukebox-673150,data/restored/jukebox-673150_casey-jones/ab_compare.mp3,,,,,,,,,,,,,,
echoes-recovered-jukebox-673150,data/restored/jukebox-673150_casey-jones/restoration_log.md,,,,,,,,,,,,,,
echoes-recovered-jukebox-673150,data/restored/jukebox-673150_casey-jones/spectrogram.jpg,,,,,,,,,,,,,,
echoes-recovered-jukebox-673150,data/restored/jukebox-673150_casey-jones/waveform.png,,,,,,,,,,,,,,
echoes-recovered-jukebox-673150,data/restored/jukebox-673150_casey-jones/params.json,,,,,,,,,,,,,,
echoes-recovered-jukebox-673150,data/originals/jukebox-673150_casey-jones/loc_original.flac,,,,,,,,,,,,,,
echoes-recovered-jukebox-673150,data/originals/jukebox-673150_casey-jones/loc_label.jpg,,,,,,,,,,,,,,
echoes-recovered-jukebox-673238,data/restored/jukebox-673238_strawberries/restored.flac,audio,opensource_audio,"Strawberries - Puckett, Riley (1924) [LoC transfer + restoration]","Puckett, Riley",1924-03-08,"Strawberries (Male vocal solo (yodeling), with guitar). Recorded 1924-03-08, Georgia, Atlanta, United States. Disc: Columbia 220D, matrix 81632 (Matrix ID), take 1. Source: Library of Congress, National Jukebox, https://www.loc.gov/item/jukebox-673238/ . This item contains (1) the Library of Congress transfer, losslessly re-encoded from the LoC WAV (PCM MD5 verified identical) and (2) a restored version made by the Echoes Recovered project with documented, non-generative DSP (AR click interpolation, Wiener noise reduction, band-limited filtering, bounded EQ). Full methodology, parameters and code: https://github.com/galaxyvoyager001-art/Echoes-Recovered . Credit line: Library of Congress, National Jukebox.",78rpm,acoustic recording,National Jukebox,Early country music,['english'],https://www.loc.gov/item/jukebox-673238/,Public domain in the United States (sound recording published before 1923; Music Modernization Act). Restoration released under CC0 1.0.,https://creativecommons.org/publicdomain/mark/1.0/
echoes-recovered-jukebox-673238,data/restored/jukebox-673238_strawberries/restored.mp3,,,,,,,,,,,,,,
echoes-recovered-jukebox-673238,data/restored/jukebox-673238_strawberries/ab_compare.mp3,,,,,,,,,,,,,,
echoes-recovered-jukebox-673238,data/restored/jukebox-673238_strawberries/restoration_log.md,,,,,,,,,,,,,,
echoes-recovered-jukebox-673238,data/restored/jukebox-673238_strawberries/spectrogram.jpg,,,,,,,,,,,,,,
echoes-recovered-jukebox-673238,data/restored/jukebox-673238_strawberries/waveform.png,,,,,,,,,,,,,,
echoes-recovered-jukebox-673238,data/restored/jukebox-673238_strawberries/params.json,,,,,,,,,,,,,,
echoes-recovered-jukebox-673238,data/originals/jukebox-673238_strawberries/loc_original.flac,,,,,,,,,,,,,,
echoes-recovered-jukebox-673238,data/originals/jukebox-673238_strawberries/loc_label.jpg,,,,,,,,,,,,,,
echoes-recovered-jukebox-673240,data/restored/jukebox-673240_rock-all-our-babies-to-sleep/restored.flac,audio,opensource_audio,"Rock all our babies to sleep - Puckett, Riley (1924) [LoC transfer + restoration]","Puckett, Riley",1924-03-08,"Rock all our babies to sleep (Male vocal solo, with fiddle (violin) and guitar). Recorded 1924-03-08, Atlanta, United States, Georgia. Disc: Columbia 107D, matrix 81633 (Matrix ID), take 1. Source: Library of Congress, National Jukebox, https://www.loc.gov/item/jukebox-673240/ . This item contains (1) the Library of Congress transfer, losslessly re-encoded from the LoC WAV (PCM MD5 verified identical) and (2) a restored version made by the Echoes Recovered project with documented, non-generative DSP (AR click interpolation, Wiener noise reduction, band-limited filtering, bounded EQ). Full methodology, parameters and code: https://github.com/galaxyvoyager001-art/Echoes-Recovered . Credit line: Library of Congress, National Jukebox.",78rpm,acoustic recording,National Jukebox,Early country music,['english'],https://www.loc.gov/item/jukebox-673240/,Public domain in the United States (sound recording published before 1923; Music Modernization Act). Restoration released under CC0 1.0.,https://creativecommons.org/publicdomain/mark/1.0/
echoes-recovered-jukebox-673240,data/restored/jukebox-673240_rock-all-our-babies-to-sleep/restored.mp3,,,,,,,,,,,,,,
echoes-recovered-jukebox-673240,data/restored/jukebox-673240_rock-all-our-babies-to-sleep/ab_compare.mp3,,,,,,,,,,,,,,
echoes-recovered-jukebox-673240,data/restored/jukebox-673240_rock-all-our-babies-to-sleep/restoration_log.md,,,,,,,,,,,,,,
echoes-recovered-jukebox-673240,data/restored/jukebox-673240_rock-all-our-babies-to-sleep/spectrogram.jpg,,,,,,,,,,,,,,
echoes-recovered-jukebox-673240,data/restored/jukebox-673240_rock-all-our-babies-to-sleep/waveform.png,,,,,,,,,,,,,,
echoes-recovered-jukebox-673240,data/restored/jukebox-673240_rock-all-our-babies-to-sleep/params.json,,,,,,,,,,,,,,
echoes-recovered-jukebox-673240,data/originals/jukebox-673240_rock-all-our-babies-to-sleep/loc_original.flac,,,,,,,,,,,,,,
echoes-recovered-jukebox-673240,data/originals/jukebox-673240_rock-all-our-babies-to-sleep/loc_label.jpg,,,,,,,,,,,,,,
echoes-recovered-jukebox-674672,data/restored/jukebox-674672_manda/restored.flac,audio,opensource_audio,Manda - Fletcher Henderson's Orchestra (1924) [LoC transfer + restoration],Fletcher Henderson's Orchestra,1924-10-07,"Manda (Jazz/dance band). Recorded 1924-10-07, United States, New York. Disc: Columbia 228D, matrix 140092 (Matrix ID), take 3. Source: Library of Congress, National Jukebox, https://www.loc.gov/item/jukebox-674672/ . This item contains (1) the Library of Congress transfer, losslessly re-encoded from the LoC WAV (PCM MD5 verified identical) and (2) a restored version made by the Echoes Recovered project with documented, non-generative DSP (AR click interpolation, Wiener noise reduction, band-limited filtering, bounded EQ). Full methodology, parameters and code: https://github.com/galaxyvoyager001-art/Echoes-Recovered . Credit line: Library of Congress, National Jukebox.",78rpm,acoustic recording,National Jukebox,Jazz & blues dance band,,https://www.loc.gov/item/jukebox-674672/,Public domain in the United States (sound recording published before 1923; Music Modernization Act). Restoration released under CC0 1.0.,https://creativecommons.org/publicdomain/mark/1.0/
echoes-recovered-jukebox-674672,data/restored/jukebox-674672_manda/restored.mp3,,,,,,,,,,,,,,
echoes-recovered-jukebox-674672,data/restored/jukebox-674672_manda/ab_compare.mp3,,,,,,,,,,,,,,
echoes-recovered-jukebox-674672,data/restored/jukebox-674672_manda/restoration_log.md,,,,,,,,,,,,,,
echoes-recovered-jukebox-674672,data/restored/jukebox-674672_manda/spectrogram.jpg,,,,,,,,,,,,,,
echoes-recovered-jukebox-674672,data/restored/jukebox-674672_manda/waveform.png,,,,,,,,,,,,,,
echoes-recovered-jukebox-674672,data/restored/jukebox-674672_manda/params.json,,,,,,,,,,,,,,
echoes-recovered-jukebox-674672,data/originals/jukebox-674672_manda/loc_original.flac,,,,,,,,,,,,,,
echoes-recovered-jukebox-674672,data/originals/jukebox-674672_manda/loc_label.jpg,,,,,,,,,,,,,,
echoes-recovered-jukebox-67472,data/restored/jukebox-67472_yes-we-have-no-bananas/restored.flac,audio,opensource_audio,"Yes! We have no bananas - Migliaccio, Eduardo (""farfariello"") (1923) [LoC transfer + restoration]","Migliaccio, Eduardo (""farfariello"")",1923-07-17,"Yes! We have no bananas (Male vocal solo, with orchestra). Recorded 1923-07-17, New Jersey, Camden, United States. Disc: Victor 73980, matrix B-28195 (Matrix ID), take 2. Source: Library of Congress, National Jukebox, https://www.loc.gov/item/jukebox-67472/ . This item contains (1) the Library of Congress transfer, losslessly re-encoded from the LoC WAV (PCM MD5 verified identical) and (2) a restored version made by the Echoes Recovered project with documented, non-generative DSP (AR click interpolation, Wiener noise reduction, band-limited filtering, bounded EQ). Full methodology, parameters and code: https://github.com/galaxyvoyager001-art/Echoes-Recovered . Credit line: Library of Congress, National Jukebox.",78rpm,acoustic recording,National Jukebox,Italian-American song,['italian (neapolitan)'],https://www.loc.gov/item/jukebox-67472/,Public domain in the United States (sound recording published before 1923; Music Modernization Act). Restoration released under CC0 1.0.,https://creativecommons.org/publicdomain/mark/1.0/
echoes-recovered-jukebox-67472,data/restored/jukebox-67472_yes-we-have-no-bananas/restored.mp3,,,,,,,,,,,,,,
echoes-recovered-jukebox-67472,data/restored/jukebox-67472_yes-we-have-no-bananas/ab_compare.mp3,,,,,,,,,,,,,,
echoes-recovered-jukebox-67472,data/restored/jukebox-67472_yes-we-have-no-bananas/restoration_log.md,,,,,,,,,,,,,,
echoes-recovered-jukebox-67472,data/restored/jukebox-67472_yes-we-have-no-bananas/spectrogram.jpg,,,,,,,,,,,,,,
echoes-recovered-jukebox-67472,data/restored/jukebox-67472_yes-we-have-no-bananas/waveform.png,,,,,,,,,,,,,,
echoes-recovered-jukebox-67472,data/restored/jukebox-67472_yes-we-have-no-bananas/params.json,,,,,,,,,,,,,,
echoes-recovered-jukebox-67472,data/originals/jukebox-67472_yes-we-have-no-bananas/loc_original.flac,,,,,,,,,,,,,,
echoes-recovered-jukebox-67472,data/originals/jukebox-67472_yes-we-have-no-bananas/loc_label.jpg,,,,,,,,,,,,,,
echoes-recovered-jukebox-675019,data/restored/jukebox-675019_if-i-lose-let-me-lose/restored.flac,audio,opensource_audio,"If I lose, let me lose - Jones, Maggie (1924) [LoC transfer + restoration]","Jones, Maggie",1924-12-17,"If I lose, let me lose (Female vocal solo (""blues singer""), with cornet and piano). Recorded 1924-12-17, New York, United States. Disc: Columbia 14059D, matrix 140187 (Matrix ID), take 1. Source: Library of Congress, National Jukebox, https://www.loc.gov/item/jukebox-675019/ . This item contains (1) the Library of Congress transfer, losslessly re-encoded from the LoC WAV (PCM MD5 verified identical) and (2) a restored version made by the Echoes Recovered project with documented, non-generative DSP (AR click interpolation, Wiener noise reduction, band-limited filtering, bounded EQ). Full methodology, parameters and code: https://github.com/galaxyvoyager001-art/Echoes-Recovered . Credit line: Library of Congress, National Jukebox.",78rpm,acoustic recording,National Jukebox,Blues,['english'],https://www.loc.gov/item/jukebox-675019/,Public domain in the United States (sound recording published before 1923; Music Modernization Act). Restoration released under CC0 1.0.,https://creativecommons.org/publicdomain/mark/1.0/
echoes-recovered-jukebox-675019,data/restored/jukebox-675019_if-i-lose-let-me-lose/restored.mp3,,,,,,,,,,,,,,
echoes-recovered-jukebox-675019,data/restored/jukebox-675019_if-i-lose-let-me-lose/ab_compare.mp3,,,,,,,,,,,,,,
echoes-recovered-jukebox-675019,data/restored/jukebox-675019_if-i-lose-let-me-lose/restoration_log.md,,,,,,,,,,,,,,
echoes-recovered-jukebox-675019,data/restored/jukebox-675019_if-i-lose-let-me-lose/spectrogram.jpg,,,,,,,,,,,,,,
echoes-recovered-jukebox-675019,data/restored/jukebox-675019_if-i-lose-let-me-lose/waveform.png,,,,,,,,,,,,,,
echoes-recovered-jukebox-675019,data/restored/jukebox-675019_if-i-lose-let-me-lose/params.json,,,,,,,,,,,,,,
echoes-recovered-jukebox-675019,data/originals/jukebox-675019_if-i-lose-let-me-lose/loc_original.flac,,,,,,,,,,,,,,
echoes-recovered-jukebox-675019,data/originals/jukebox-675019_if-i-lose-let-me-lose/loc_label.jpg,,,,,,,,,,,,,,
echoes-recovered-jukebox-675275,data/restored/jukebox-675275_when-my-sugar-walks-down-the-street/restored.flac,audio,opensource_audio,When my sugar walks down the street - Warner's Seven Aces (1925) [LoC transfer + restoration],Warner's Seven Aces,1925-01-28,"When my sugar walks down the street (Jazz/dance band). Recorded 1925-01-28, Atlanta, Georgia, United States. Disc: Columbia 305D, matrix 140286 (Matrix ID), take 2. Source: Library of Congress, National Jukebox, https://www.loc.gov/item/jukebox-675275/ . This item contains (1) the Library of Congress transfer, losslessly re-encoded from the LoC WAV (PCM MD5 verified identical) and (2) a restored version made by the Echoes Recovered project with documented, non-generative DSP (AR click interpolation, Wiener noise reduction, band-limited filtering, bounded EQ). Full methodology, parameters and code: https://github.com/galaxyvoyager001-art/Echoes-Recovered . Credit line: Library of Congress, National Jukebox.",78rpm,acoustic recording,National Jukebox,Dance orchestra,,https://www.loc.gov/item/jukebox-675275/,Public domain in the United States (sound recording published before 1923; Music Modernization Act). Restoration released under CC0 1.0.,https://creativecommons.org/publicdomain/mark/1.0/
echoes-recovered-jukebox-675275,data/restored/jukebox-675275_when-my-sugar-walks-down-the-street/restored.mp3,,,,,,,,,,,,,,
echoes-recovered-jukebox-675275,data/restored/jukebox-675275_when-my-sugar-walks-down-the-street/ab_compare.mp3,,,,,,,,,,,,,,
echoes-recovered-jukebox-675275,data/restored/jukebox-675275_when-my-sugar-walks-down-the-street/restoration_log.md,,,,,,,,,,,,,,
echoes-recovered-jukebox-675275,data/restored/jukebox-675275_when-my-sugar-walks-down-the-street/spectrogram.jpg,,,,,,,,,,,,,,
echoes-recovered-jukebox-675275,data/restored/jukebox-675275_when-my-sugar-walks-down-the-street/waveform.png,,,,,,,,,,,,,,
echoes-recovered-jukebox-675275,data/restored/jukebox-675275_when-my-sugar-walks-down-the-street/params.json,,,,,,,,,,,,,,
echoes-recovered-jukebox-675275,data/originals/jukebox-675275_when-my-sugar-walks-down-the-street/loc_original.flac,,,,,,,,,,,,,,
echoes-recovered-jukebox-675275,data/originals/jukebox-675275_when-my-sugar-walks-down-the-street/loc_label.jpg,,,,,,,,,,,,,,
echoes-recovered-jukebox-68262,data/restored/jukebox-68262_it-ain-t-gonna-rain-no-mo/restored.flac,audio,opensource_audio,"It ain't gonna rain no mo' - Hall, Wendell W. (1923) [LoC transfer + restoration]","Hall, Wendell W.",1923-10-12,"It ain't gonna rain no mo' (Male vocal solo, with ukulele (self-accompaniment)). Recorded 1923-10-12, New York, United States. Disc: Victor 19171, matrix B-28741 (Matrix ID), take 2. Source: Library of Congress, National Jukebox, https://www.loc.gov/item/jukebox-68262/ . This item contains (1) the Library of Congress transfer, losslessly re-encoded from the LoC WAV (PCM MD5 verified identical) and (2) a restored version made by the Echoes Recovered project with documented, non-generative DSP (AR click interpolation, Wiener noise reduction, band-limited filtering, bounded EQ). Full methodology, parameters and code: https://github.com/galaxyvoyager001-art/Echoes-Recovered . Credit line: Library of Congress, National Jukebox.",78rpm,acoustic recording,National Jukebox,Popular song,['english'],https://www.loc.gov/item/jukebox-68262/,Public domain in the United States (sound recording published before 1923; Music Modernization Act). Restoration released under CC0 1.0.,https://creativecommons.org/publicdomain/mark/1.0/
echoes-recovered-jukebox-68262,data/restored/jukebox-68262_it-ain-t-gonna-rain-no-mo/restored.mp3,,,,,,,,,,,,,,
echoes-recovered-jukebox-68262,data/restored/jukebox-68262_it-ain-t-gonna-rain-no-mo/ab_compare.mp3,,,,,,,,,,,,,,
echoes-recovered-jukebox-68262,data/restored/jukebox-68262_it-ain-t-gonna-rain-no-mo/restoration_log.md,,,,,,,,,,,,,,
echoes-recovered-jukebox-68262,data/restored/jukebox-68262_it-ain-t-gonna-rain-no-mo/spectrogram.jpg,,,,,,,,,,,,,,
echoes-recovered-jukebox-68262,data/restored/jukebox-68262_it-ain-t-gonna-rain-no-mo/waveform.png,,,,,,,,,,,,,,
echoes-recovered-jukebox-68262,data/restored/jukebox-68262_it-ain-t-gonna-rain-no-mo/params.json,,,,,,,,,,,,,,
echoes-recovered-jukebox-68262,data/originals/jukebox-68262_it-ain-t-gonna-rain-no-mo/loc_original.flac,,,,,,,,,,,,,,
echoes-recovered-jukebox-68262,data/originals/jukebox-68262_it-ain-t-gonna-rain-no-mo/loc_label.jpg,,,,,,,,,,,,,,
echoes-recovered-jukebox-68425,data/restored/jukebox-68425_festival-overture/restored.flac,audio,opensource_audio,Festival overture - St. Louis Symphony Orchestra (1923) [LoC transfer + restoration],St. Louis Symphony Orchestra,1923-10-30,"Festival overture (Orchestra). Recorded 1923-10-30, Missouri, St. Louis, United States. Disc: Victor 55202, matrix C-28857 (Matrix ID), take 4. Source: Library of Congress, National Jukebox, https://www.loc.gov/item/jukebox-68425/ . This item contains (1) the Library of Congress transfer, losslessly re-encoded from the LoC WAV (PCM MD5 verified identical) and (2) a restored version made by the Echoes Recovered project with documented, non-generative DSP (AR click interpolation, Wiener noise reduction, band-limited filtering, bounded EQ). Full methodology, parameters and code: https://github.com/galaxyvoyager001-art/Echoes-Recovered . Credit line: Library of Congress, National Jukebox.",78rpm,acoustic recording,National Jukebox,Orchestral,,https://www.loc.gov/item/jukebox-68425/,Public domain in the United States (sound recording published before 1923; Music Modernization Act). Restoration released under CC0 1.0.,https://creativecommons.org/publicdomain/mark/1.0/
echoes-recovered-jukebox-68425,data/restored/jukebox-68425_festival-overture/restored.mp3,,,,,,,,,,,,,,
echoes-recovered-jukebox-68425,data/restored/jukebox-68425_festival-overture/ab_compare.mp3,,,,,,,,,,,,,,
echoes-recovered-jukebox-68425,data/restored/jukebox-68425_festival-overture/restoration_log.md,,,,,,,,,,,,,,
echoes-recovered-jukebox-68425,data/restored/jukebox-68425_festival-overture/spectrogram.jpg,,,,,,,,,,,,,,
echoes-recovered-jukebox-68425,data/restored/jukebox-68425_festival-overture/waveform.png,,,,,,,,,,,,,,
echoes-recovered-jukebox-68425,data/restored/jukebox-68425_festival-overture/params.json,,,,,,,,,,,,,,
echoes-recovered-jukebox-68425,data/originals/jukebox-68425_festival-overture/loc_original.flac,,,,,,,,,,,,,,
echoes-recovered-jukebox-68425,data/originals/jukebox-68425_festival-overture/loc_label.jpg,,,,,,,,,,,,,,
echoes-recovered-jukebox-68428,data/restored/jukebox-68428_rustle-of-spring/restored.flac,audio,opensource_audio,Rustle of spring - St. Louis Symphony Orchestra (1923) [LoC transfer + restoration],St. Louis Symphony Orchestra,1923-10-31,"Rustle of spring (Orchestra). Recorded 1923-10-31, Missouri, St. Louis, United States. Disc: Victor 45389, matrix B-28859 (Matrix ID), take 5. Source: Library of Congress, National Jukebox, https://www.loc.gov/item/jukebox-68428/ . This item contains (1) the Library of Congress transfer, losslessly re-encoded from the LoC WAV (PCM MD5 verified identical) and (2) a restored version made by the Echoes Recovered project with documented, non-generative DSP (AR click interpolation, Wiener noise reduction, band-limited filtering, bounded EQ). Full methodology, parameters and code: https://github.com/galaxyvoyager001-art/Echoes-Recovered . Credit line: Library of Congress, National Jukebox.",78rpm,acoustic recording,National Jukebox,Orchestral,,https://www.loc.gov/item/jukebox-68428/,Public domain in the United States (sound recording published before 1923; Music Modernization Act). Restoration released under CC0 1.0.,https://creativecommons.org/publicdomain/mark/1.0/
echoes-recovered-jukebox-68428,data/restored/jukebox-68428_rustle-of-spring/restored.mp3,,,,,,,,,,,,,,
echoes-recovered-jukebox-68428,data/restored/jukebox-68428_rustle-of-spring/ab_compare.mp3,,,,,,,,,,,,,,
echoes-recovered-jukebox-68428,data/restored/jukebox-68428_rustle-of-spring/restoration_log.md,,,,,,,,,,,,,,
echoes-recovered-jukebox-68428,data/restored/jukebox-68428_rustle-of-spring/spectrogram.jpg,,,,,,,,,,,,,,
echoes-recovered-jukebox-68428,data/restored/jukebox-68428_rustle-of-spring/waveform.png,,,,,,,,,,,,,,
echoes-recovered-jukebox-68428,data/restored/jukebox-68428_rustle-of-spring/params.json,,,,,,,,,,,,,,
echoes-recovered-jukebox-68428,data/originals/jukebox-68428_rustle-of-spring/loc_original.flac,,,,,,,,,,,,,,
echoes-recovered-jukebox-68428,data/originals/jukebox-68428_rustle-of-spring/loc_label.jpg,,,,,,,,,,,,,,
echoes-recovered-jukebox-68432,data/restored/jukebox-68432_blue-grass-blues/restored.flac,audio,opensource_audio,"Blue grass blues - Silverman, Dave (1923) [LoC transfer + restoration]","Silverman, Dave",1923-11-01,"Blue grass blues (Jazz/dance band). Recorded 1923-11-01, Missouri, St. Louis, United States. Disc: Victor 19237, matrix B-28863 (Matrix ID), take 1. Source: Library of Congress, National Jukebox, https://www.loc.gov/item/jukebox-68432/ . This item contains (1) the Library of Congress transfer, losslessly re-encoded from the LoC WAV (PCM MD5 verified identical) and (2) a restored version made by the Echoes Recovered project with documented, non-generative DSP (AR click interpolation, Wiener noise reduction, band-limited filtering, bounded EQ). Full methodology, parameters and code: https://github.com/galaxyvoyager001-art/Echoes-Recovered . Credit line: Library of Congress, National Jukebox.",78rpm,acoustic recording,National Jukebox,Jazz & blues dance band,,https://www.loc.gov/item/jukebox-68432/,Public domain in the United States (sound recording published before 1923; Music Modernization Act). Restoration released under CC0 1.0.,https://creativecommons.org/publicdomain/mark/1.0/
echoes-recovered-jukebox-68432,data/restored/jukebox-68432_blue-grass-blues/restored.mp3,,,,,,,,,,,,,,
echoes-recovered-jukebox-68432,data/restored/jukebox-68432_blue-grass-blues/ab_compare.mp3,,,,,,,,,,,,,,
echoes-recovered-jukebox-68432,data/restored/jukebox-68432_blue-grass-blues/restoration_log.md,,,,,,,,,,,,,,
echoes-recovered-jukebox-68432,data/restored/jukebox-68432_blue-grass-blues/spectrogram.jpg,,,,,,,,,,,,,,
echoes-recovered-jukebox-68432,data/restored/jukebox-68432_blue-grass-blues/waveform.png,,,,,,,,,,,,,,
echoes-recovered-jukebox-68432,data/restored/jukebox-68432_blue-grass-blues/params.json,,,,,,,,,,,,,,
echoes-recovered-jukebox-68432,data/originals/jukebox-68432_blue-grass-blues/loc_original.flac,,,,,,,,,,,,,,
echoes-recovered-jukebox-68432,data/originals/jukebox-68432_blue-grass-blues/loc_label.jpg,,,,,,,,,,,,,,
echoes-recovered-jukebox-6939,data/restored/jukebox-6939_suspiros-de-espa-a/restored.flac,audio,opensource_audio,Suspiros de España - Orquesta Tizol (1917) [LoC transfer + restoration],Orquesta Tizol,1917-01-10,"Suspiros de España (Orchestra). Recorded 1917-01-10, Puerto Rico, San Juan, United States. Disc: Victor 68491, matrix K-1730 (Matrix ID), take 1. Source: Library of Congress, National Jukebox, https://www.loc.gov/item/jukebox-6939/ . This item contains (1) the Library of Congress transfer, losslessly re-encoded from the LoC WAV (PCM MD5 verified identical) and (2) a restored version made by the Echoes Recovered project with documented, non-generative DSP (AR click interpolation, Wiener noise reduction, band-limited filtering, bounded EQ). Full methodology, parameters and code: https://github.com/galaxyvoyager001-art/Echoes-Recovered . Credit line: Library of Congress, National Jukebox.",78rpm,acoustic recording,National Jukebox,Puerto Rican dance orchestra,,https://www.loc.gov/item/jukebox-6939/,Public domain in the United States (sound recording published before 1923; Music Modernization Act). Restoration released under CC0 1.0.,https://creativecommons.org/publicdomain/mark/1.0/
echoes-recovered-jukebox-6939,data/restored/jukebox-6939_suspiros-de-espa-a/restored.mp3,,,,,,,,,,,,,,
echoes-recovered-jukebox-6939,data/restored/jukebox-6939_suspiros-de-espa-a/ab_compare.mp3,,,,,,,,,,,,,,
echoes-recovered-jukebox-6939,data/restored/jukebox-6939_suspiros-de-espa-a/restoration_log.md,,,,,,,,,,,,,,
echoes-recovered-jukebox-6939,data/restored/jukebox-6939_suspiros-de-espa-a/spectrogram.jpg,,,,,,,,,,,,,,
echoes-recovered-jukebox-6939,data/restored/jukebox-6939_suspiros-de-espa-a/waveform.png,,,,,,,,,,,,,,
echoes-recovered-jukebox-6939,data/restored/jukebox-6939_suspiros-de-espa-a/params.json,,,,,,,,,,,,,,
echoes-recovered-jukebox-6939,data/originals/jukebox-6939_suspiros-de-espa-a/loc_original.flac,,,,,,,,,,,,,,
echoes-recovered-jukebox-6939,data/originals/jukebox-6939_suspiros-de-espa-a/loc_label.jpg,,,,,,,,,,,,,,
echoes-recovered-jukebox-69781,data/restored/jukebox-69781_in-the-evening/restored.flac,audio,opensource_audio,In the evening - Jean Goldkette Orchestra (1924) [LoC transfer + restoration],Jean Goldkette Orchestra,1924-03-27,"In the evening (Jazz/dance band). Recorded 1924-03-27, Michigan, Detroit, United States. Disc: Victor 19308, matrix B-29807 (Matrix ID), take 3. Source: Library of Congress, National Jukebox, https://www.loc.gov/item/jukebox-69781/ . This item contains (1) the Library of Congress transfer, losslessly re-encoded from the LoC WAV (PCM MD5 verified identical) and (2) a restored version made by the Echoes Recovered project with documented, non-generative DSP (AR click interpolation, Wiener noise reduction, band-limited filtering, bounded EQ). Full methodology, parameters and code: https://github.com/galaxyvoyager001-art/Echoes-Recovered . Credit line: Library of Congress, National Jukebox.",78rpm,acoustic recording,National Jukebox,Dance orchestra,,https://www.loc.gov/item/jukebox-69781/,Public domain in the United States (sound recording published before 1923; Music Modernization Act). Restoration released under CC0 1.0.,https://creativecommons.org/publicdomain/mark/1.0/
echoes-recovered-jukebox-69781,data/restored/jukebox-69781_in-the-evening/restored.mp3,,,,,,,,,,,,,,
echoes-recovered-jukebox-69781,data/restored/jukebox-69781_in-the-evening/ab_compare.mp3,,,,,,,,,,,,,,
echoes-recovered-jukebox-69781,data/restored/jukebox-69781_in-the-evening/restoration_log.md,,,,,,,,,,,,,,
echoes-recovered-jukebox-69781,data/restored/jukebox-69781_in-the-evening/spectrogram.jpg,,,,,,,,,,,,,,
echoes-recovered-jukebox-69781,data/restored/jukebox-69781_in-the-evening/waveform.png,,,,,,,,,,,,,,
echoes-recovered-jukebox-69781,data/restored/jukebox-69781_in-the-evening/params.json,,,,,,,,,,,,,,
echoes-recovered-jukebox-69781,data/originals/jukebox-69781_in-the-evening/loc_original.flac,,,,,,,,,,,,,,
echoes-recovered-jukebox-69781,data/originals/jukebox-69781_in-the-evening/loc_label.jpg,,,,,,,,,,,,,,
echoes-recovered-jukebox-69787,data/restored/jukebox-69787_it-s-the-blues/restored.flac,audio,opensource_audio,It's the blues - Jean Goldkette Orchestra (1924) [LoC transfer + restoration],Jean Goldkette Orchestra,1924-03-27,"It's the blues (Jazz/dance band). Recorded 1924-03-27, Michigan, Detroit, United States. Disc: Victor 19600, matrix B-29810 (Matrix ID), take 2. Source: Library of Congress, National Jukebox, https://www.loc.gov/item/jukebox-69787/ . This item contains (1) the Library of Congress transfer, losslessly re-encoded from the LoC WAV (PCM MD5 verified identical) and (2) a restored version made by the Echoes Recovered project with documented, non-generative DSP (AR click interpolation, Wiener noise reduction, band-limited filtering, bounded EQ). Full methodology, parameters and code: https://github.com/galaxyvoyager001-art/Echoes-Recovered . Credit line: Library of Congress, National Jukebox.",78rpm,acoustic recording,National Jukebox,Jazz & blues dance band,,https://www.loc.gov/item/jukebox-69787/,Public domain in the United States (sound recording published before 1923; Music Modernization Act). Restoration released under CC0 1.0.,https://creativecommons.org/publicdomain/mark/1.0/
echoes-recovered-jukebox-69787,data/restored/jukebox-69787_it-s-the-blues/restored.mp3,,,,,,,,,,,,,,
echoes-recovered-jukebox-69787,data/restored/jukebox-69787_it-s-the-blues/ab_compare.mp3,,,,,,,,,,,,,,
echoes-recovered-jukebox-69787,data/restored/jukebox-69787_it-s-the-blues/restoration_log.md,,,,,,,,,,,,,,
echoes-recovered-jukebox-69787,data/restored/jukebox-69787_it-s-the-blues/spectrogram.jpg,,,,,,,,,,,,,,
echoes-recovered-jukebox-69787,data/restored/jukebox-69787_it-s-the-blues/waveform.png,,,,,,,,,,,,,,
echoes-recovered-jukebox-69787,data/restored/jukebox-69787_it-s-the-blues/params.json,,,,,,,,,,,,,,
echoes-recovered-jukebox-69787,data/originals/jukebox-69787_it-s-the-blues/loc_original.flac,,,,,,,,,,,,,,
echoes-recovered-jukebox-69787,data/originals/jukebox-69787_it-s-the-blues/loc_label.jpg,,,,,,,,,,,,,,
echoes-recovered-jukebox-69817,data/restored/jukebox-69817_night-hawk-blues/restored.flac,audio,opensource_audio,Night hawk blues - Coon-sanders Original Nighthawk Orchestra (1924) [LoC transfer + restoration],Coon-sanders Original Nighthawk Orchestra,1924-04-05,"Night hawk blues (Jazz/dance band, with male vocal duet). Recorded 1924-04-05, Missouri, Kansas City, United States. Disc: Victor 19316, matrix B-29837 (Matrix ID), take 3. Source: Library of Congress, National Jukebox, https://www.loc.gov/item/jukebox-69817/ . This item contains (1) the Library of Congress transfer, losslessly re-encoded from the LoC WAV (PCM MD5 verified identical) and (2) a restored version made by the Echoes Recovered project with documented, non-generative DSP (AR click interpolation, Wiener noise reduction, band-limited filtering, bounded EQ). Full methodology, parameters and code: https://github.com/galaxyvoyager001-art/Echoes-Recovered . Credit line: Library of Congress, National Jukebox.",78rpm,acoustic recording,National Jukebox,Jazz & blues dance band,['english'],https://www.loc.gov/item/jukebox-69817/,Public domain in the United States (sound recording published before 1923; Music Modernization Act). Restoration released under CC0 1.0.,https://creativecommons.org/publicdomain/mark/1.0/
echoes-recovered-jukebox-69817,data/restored/jukebox-69817_night-hawk-blues/restored.mp3,,,,,,,,,,,,,,
echoes-recovered-jukebox-69817,data/restored/jukebox-69817_night-hawk-blues/ab_compare.mp3,,,,,,,,,,,,,,
echoes-recovered-jukebox-69817,data/restored/jukebox-69817_night-hawk-blues/restoration_log.md,,,,,,,,,,,,,,
echoes-recovered-jukebox-69817,data/restored/jukebox-69817_night-hawk-blues/spectrogram.jpg,,,,,,,,,,,,,,
echoes-recovered-jukebox-69817,data/restored/jukebox-69817_night-hawk-blues/waveform.png,,,,,,,,,,,,,,
echoes-recovered-jukebox-69817,data/restored/jukebox-69817_night-hawk-blues/params.json,,,,,,,,,,,,,,
echoes-recovered-jukebox-69817,data/originals/jukebox-69817_night-hawk-blues/loc_original.flac,,,,,,,,,,,,,,
echoes-recovered-jukebox-69817,data/originals/jukebox-69817_night-hawk-blues/loc_label.jpg,,,,,,,,,,,,,,
echoes-recovered-jukebox-69818,data/restored/jukebox-69818_red-hot-mamma/restored.flac,audio,opensource_audio,Red hot mamma - Coon-sanders Original Nighthawk Orchestra (1924) [LoC transfer + restoration],Coon-sanders Original Nighthawk Orchestra,1924-04-06,"Red hot mamma (Jazz/dance band, with male vocal duet). Recorded 1924-04-06, Missouri, Kansas City, United States. Disc: Victor 19316, matrix B-29838 (Matrix ID), take 3. Source: Library of Congress, National Jukebox, https://www.loc.gov/item/jukebox-69818/ . This item contains (1) the Library of Congress transfer, losslessly re-encoded from the LoC WAV (PCM MD5 verified identical) and (2) a restored version made by the Echoes Recovered project with documented, non-generative DSP (AR click interpolation, Wiener noise reduction, band-limited filtering, bounded EQ). Full methodology, parameters and code: https://github.com/galaxyvoyager001-art/Echoes-Recovered . Credit line: Library of Congress, National Jukebox.",78rpm,acoustic recording,National Jukebox,Dance orchestra,['english'],https://www.loc.gov/item/jukebox-69818/,Public domain in the United States (sound recording published before 1923; Music Modernization Act). Restoration released under CC0 1.0.,https://creativecommons.org/publicdomain/mark/1.0/
echoes-recovered-jukebox-69818,data/restored/jukebox-69818_red-hot-mamma/restored.mp3,,,,,,,,,,,,,,
echoes-recovered-jukebox-69818,data/restored/jukebox-69818_red-hot-mamma/ab_compare.mp3,,,,,,,,,,,,,,
echoes-recovered-jukebox-69818,data/restored/jukebox-69818_red-hot-mamma/restoration_log.md,,,,,,,,,,,,,,
echoes-recovered-jukebox-69818,data/restored/jukebox-69818_red-hot-mamma/spectrogram.jpg,,,,,,,,,,,,,,
echoes-recovered-jukebox-69818,data/restored/jukebox-69818_red-hot-mamma/waveform.png,,,,,,,,,,,,,,
echoes-recovered-jukebox-69818,data/restored/jukebox-69818_red-hot-mamma/params.json,,,,,,,,,,,,,,
echoes-recovered-jukebox-69818,data/originals/jukebox-69818_red-hot-mamma/loc_original.flac,,,,,,,,,,,,,,
echoes-recovered-jukebox-69818,data/originals/jukebox-69818_red-hot-mamma/loc_label.jpg,,,,,,,,,,,,,,
echoes-recovered-jukebox-70342,data/restored/jukebox-70342_rhapsody-in-blue-part-1/restored.flac,audio,opensource_audio,"Rhapsody in blue, part 1 - Gershwin, George (1924) [LoC transfer + restoration]","Gershwin, George",1924-06-10,"Rhapsody in blue, part 1 (Orchestra and piano soloist). Recorded 1924-06-10, United States, New York. Disc: Victor 55225, matrix C-30174 (Matrix ID), take 1. Source: Library of Congress, National Jukebox, https://www.loc.gov/item/jukebox-70342/ . This item contains (1) the Library of Congress transfer, losslessly re-encoded from the LoC WAV (PCM MD5 verified identical) and (2) a restored version made by the Echoes Recovered project with documented, non-generative DSP (AR click interpolation, Wiener noise reduction, band-limited filtering, bounded EQ). Full methodology, parameters and code: https://github.com/galaxyvoyager001-art/Echoes-Recovered . Credit line: Library of Congress, National Jukebox.",78rpm,acoustic recording,National Jukebox,Orchestral jazz,,https://www.loc.gov/item/jukebox-70342/,Public domain in the United States (sound recording published before 1923; Music Modernization Act). Restoration released under CC0 1.0.,https://creativecommons.org/publicdomain/mark/1.0/
echoes-recovered-jukebox-70342,data/restored/jukebox-70342_rhapsody-in-blue-part-1/restored.mp3,,,,,,,,,,,,,,
echoes-recovered-jukebox-70342,data/restored/jukebox-70342_rhapsody-in-blue-part-1/ab_compare.mp3,,,,,,,,,,,,,,
echoes-recovered-jukebox-70342,data/restored/jukebox-70342_rhapsody-in-blue-part-1/restoration_log.md,,,,,,,,,,,,,,
echoes-recovered-jukebox-70342,data/restored/jukebox-70342_rhapsody-in-blue-part-1/spectrogram.jpg,,,,,,,,,,,,,,
echoes-recovered-jukebox-70342,data/restored/jukebox-70342_rhapsody-in-blue-part-1/waveform.png,,,,,,,,,,,,,,
echoes-recovered-jukebox-70342,data/restored/jukebox-70342_rhapsody-in-blue-part-1/params.json,,,,,,,,,,,,,,
echoes-recovered-jukebox-70342,data/originals/jukebox-70342_rhapsody-in-blue-part-1/loc_original.flac,,,,,,,,,,,,,,
echoes-recovered-jukebox-70342,data/originals/jukebox-70342_rhapsody-in-blue-part-1/loc_label.jpg,,,,,,,,,,,,,,
echoes-recovered-jukebox-7062,data/restored/jukebox-7062_cuando-pas-s-cerca-m-o/restored.flac,audio,opensource_audio,"Cuando pasés cerca mío - Maciel, Enrique (1922) [LoC transfer + restoration]","Maciel, Enrique",1922-03-27,"Cuando pasés cerca mío (Male vocal duet, with 4 guitars). Recorded 1922-03-27, Buenos Aires, Argentina. Disc: Victor 73324, matrix BA-38 (Matrix ID), take 2. Source: Library of Congress, National Jukebox, https://www.loc.gov/item/jukebox-7062/ . This item contains (1) the Library of Congress transfer, losslessly re-encoded from the LoC WAV (PCM MD5 verified identical) and (2) a restored version made by the Echoes Recovered project with documented, non-generative DSP (AR click interpolation, Wiener noise reduction, band-limited filtering, bounded EQ). Full methodology, parameters and code: https://github.com/galaxyvoyager001-art/Echoes-Recovered . Credit line: Library of Congress, National Jukebox.",78rpm,acoustic recording,National Jukebox,Argentine song,['spanish'],https://www.loc.gov/item/jukebox-7062/,Public domain in the United States (sound recording published before 1923; Music Modernization Act). Restoration released under CC0 1.0.,https://creativecommons.org/publicdomain/mark/1.0/
echoes-recovered-jukebox-7062,data/restored/jukebox-7062_cuando-pas-s-cerca-m-o/restored.mp3,,,,,,,,,,,,,,
echoes-recovered-jukebox-7062,data/restored/jukebox-7062_cuando-pas-s-cerca-m-o/ab_compare.mp3,,,,,,,,,,,,,,
echoes-recovered-jukebox-7062,data/restored/jukebox-7062_cuando-pas-s-cerca-m-o/restoration_log.md,,,,,,,,,,,,,,
echoes-recovered-jukebox-7062,data/restored/jukebox-7062_cuando-pas-s-cerca-m-o/spectrogram.jpg,,,,,,,,,,,,,,
echoes-recovered-jukebox-7062,data/restored/jukebox-7062_cuando-pas-s-cerca-m-o/waveform.png,,,,,,,,,,,,,,
echoes-recovered-jukebox-7062,data/restored/jukebox-7062_cuando-pas-s-cerca-m-o/params.json,,,,,,,,,,,,,,
echoes-recovered-jukebox-7062,data/originals/jukebox-7062_cuando-pas-s-cerca-m-o/loc_original.flac,,,,,,,,,,,,,,
echoes-recovered-jukebox-7062,data/originals/jukebox-7062_cuando-pas-s-cerca-m-o/loc_label.jpg,,,,,,,,,,,,,,
echoes-recovered-jukebox-7072,data/restored/jukebox-7072_snobismo/restored.flac,audio,opensource_audio,Snobismo - Orquesta Típica Fresedo (1922) [LoC transfer + restoration],Orquesta Típica Fresedo,1922-05-20,"Snobismo (Instrumental ensemble). Recorded 1922-05-20, Buenos Aires, Argentina. Disc: Victor 73367, matrix BA-48 (Matrix ID), take 1. Source: Library of Congress, National Jukebox, https://www.loc.gov/item/jukebox-7072/ . This item contains (1) the Library of Congress transfer, losslessly re-encoded from the LoC WAV (PCM MD5 verified identical) and (2) a restored version made by the Echoes Recovered project with documented, non-generative DSP (AR click interpolation, Wiener noise reduction, band-limited filtering, bounded EQ). Full methodology, parameters and code: https://github.com/galaxyvoyager001-art/Echoes-Recovered . Credit line: Library of Congress, National Jukebox.",78rpm,acoustic recording,National Jukebox,Tango,,https://www.loc.gov/item/jukebox-7072/,Public domain in the United States (sound recording published before 1923; Music Modernization Act). Restoration released under CC0 1.0.,https://creativecommons.org/publicdomain/mark/1.0/
echoes-recovered-jukebox-7072,data/restored/jukebox-7072_snobismo/restored.mp3,,,,,,,,,,,,,,
echoes-recovered-jukebox-7072,data/restored/jukebox-7072_snobismo/ab_compare.mp3,,,,,,,,,,,,,,
echoes-recovered-jukebox-7072,data/restored/jukebox-7072_snobismo/restoration_log.md,,,,,,,,,,,,,,
echoes-recovered-jukebox-7072,data/restored/jukebox-7072_snobismo/spectrogram.jpg,,,,,,,,,,,,,,
echoes-recovered-jukebox-7072,data/restored/jukebox-7072_snobismo/waveform.png,,,,,,,,,,,,,,
echoes-recovered-jukebox-7072,data/restored/jukebox-7072_snobismo/params.json,,,,,,,,,,,,,,
echoes-recovered-jukebox-7072,data/originals/jukebox-7072_snobismo/loc_original.flac,,,,,,,,,,,,,,
echoes-recovered-jukebox-7072,data/originals/jukebox-7072_snobismo/loc_label.jpg,,,,,,,,,,,,,,
echoes-recovered-jukebox-70956,data/restored/jukebox-70956_wreck-of-the-old-97/restored.flac,audio,opensource_audio,"Wreck of the Old 97 - Dalhart, Vernon (1924) [LoC transfer + restoration]","Dalhart, Vernon",1924-08-13,"Wreck of the Old 97 (Male vocal solo, with guitar and harmonica). Recorded 1924-08-13, United States, New York. Disc: Victor 19427, matrix B-30632 (Matrix ID), take 1. Source: Library of Congress, National Jukebox, https://www.loc.gov/item/jukebox-70956/ . This item contains (1) the Library of Congress transfer, losslessly re-encoded from the LoC WAV (PCM MD5 verified identical) and (2) a restored version made by the Echoes Recovered project with documented, non-generative DSP (AR click interpolation, Wiener noise reduction, band-limited filtering, bounded EQ). Full methodology, parameters and code: https://github.com/galaxyvoyager001-art/Echoes-Recovered . Credit line: Library of Congress, National Jukebox.",78rpm,acoustic recording,National Jukebox,Early country music,['english'],https://www.loc.gov/item/jukebox-70956/,Public domain in the United States (sound recording published before 1923; Music Modernization Act). Restoration released under CC0 1.0.,https://creativecommons.org/publicdomain/mark/1.0/
echoes-recovered-jukebox-70956,data/restored/jukebox-70956_wreck-of-the-old-97/restored.mp3,,,,,,,,,,,,,,
echoes-recovered-jukebox-70956,data/restored/jukebox-70956_wreck-of-the-old-97/ab_compare.mp3,,,,,,,,,,,,,,
echoes-recovered-jukebox-70956,data/restored/jukebox-70956_wreck-of-the-old-97/restoration_log.md,,,,,,,,,,,,,,
echoes-recovered-jukebox-70956,data/restored/jukebox-70956_wreck-of-the-old-97/spectrogram.jpg,,,,,,,,,,,,,,
echoes-recovered-jukebox-70956,data/restored/jukebox-70956_wreck-of-the-old-97/waveform.png,,,,,,,,,,,,,,
echoes-recovered-jukebox-70956,data/restored/jukebox-70956_wreck-of-the-old-97/params.json,,,,,,,,,,,,,,
echoes-recovered-jukebox-70956,data/originals/jukebox-70956_wreck-of-the-old-97/loc_original.flac,,,,,,,,,,,,,,
echoes-recovered-jukebox-70956,data/originals/jukebox-70956_wreck-of-the-old-97/loc_label.jpg,,,,,,,,,,,,,,
echoes-recovered-jukebox-728239,data/restored/jukebox-728239_let-it-alone/restored.flac,audio,opensource_audio,"Let it alone - Williams, Bert (1906) [LoC transfer + restoration]","Williams, Bert",1906-11-30,"Let it alone (Male vocal solo, with orchestra). Recorded 1906-11-30, New York, United States. Disc: Columbia 3504, matrix 3504 (Matrix ID), take 2. Source: Library of Congress, National Jukebox, https://www.loc.gov/item/jukebox-728239/ . This item contains (1) the Library of Congress transfer, losslessly re-encoded from the LoC WAV (PCM MD5 verified identical) and (2) a restored version made by the Echoes Recovered project with documented, non-generative DSP (AR click interpolation, Wiener noise reduction, band-limited filtering, bounded EQ). Full methodology, parameters and code: https://github.com/galaxyvoyager001-art/Echoes-Recovered . Credit line: Library of Congress, National Jukebox.",78rpm,acoustic recording,National Jukebox,Popular song / vaudeville,['english'],https://www.loc.gov/item/jukebox-728239/,Public domain in the United States (sound recording published before 1923; Music Modernization Act). Restoration released under CC0 1.0.,https://creativecommons.org/publicdomain/mark/1.0/
echoes-recovered-jukebox-728239,data/restored/jukebox-728239_let-it-alone/restored.mp3,,,,,,,,,,,,,,
echoes-recovered-jukebox-728239,data/restored/jukebox-728239_let-it-alone/ab_compare.mp3,,,,,,,,,,,,,,
echoes-recovered-jukebox-728239,data/restored/jukebox-728239_let-it-alone/restoration_log.md,,,,,,,,,,,,,,
echoes-recovered-jukebox-728239,data/restored/jukebox-728239_let-it-alone/spectrogram.jpg,,,,,,,,,,,,,,
echoes-recovered-jukebox-728239,data/restored/jukebox-728239_let-it-alone/waveform.png,,,,,,,,,,,,,,
echoes-recovered-jukebox-728239,data/restored/jukebox-728239_let-it-alone/params.json,,,,,,,,,,,,,,
echoes-recovered-jukebox-728239,data/originals/jukebox-728239_let-it-alone/loc_original.flac,,,,,,,,,,,,,,
echoes-recovered-jukebox-728239,data/originals/jukebox-728239_let-it-alone/loc_label.jpg,,,,,,,,,,,,,,
echoes-recovered-jukebox-730655,data/restored/jukebox-730655_take-me-out-to-the-ball-game/restored.flac,audio,opensource_audio,"Take me out to the ball game - Hindermyer, Harvey (1908) [LoC transfer + restoration]","Hindermyer, Harvey",1908-07-31,"Take me out to the ball game (Male vocal solo, with orchestra). Recorded 1908-07-31, United States, New York. Disc: Columbia 3917, matrix 3917 (Matrix ID), take 2. Source: Library of Congress, National Jukebox, https://www.loc.gov/item/jukebox-730655/ . This item contains (1) the Library of Congress transfer, losslessly re-encoded from the LoC WAV (PCM MD5 verified identical) and (2) a restored version made by the Echoes Recovered project with documented, non-generative DSP (AR click interpolation, Wiener noise reduction, band-limited filtering, bounded EQ). Full methodology, parameters and code: https://github.com/galaxyvoyager001-art/Echoes-Recovered . Credit line: Library of Congress, National Jukebox.",78rpm,acoustic recording,National Jukebox,Popular song,['english'],https://www.loc.gov/item/jukebox-730655/,Public domain in the United States (sound recording published before 1923; Music Modernization Act). Restoration released under CC0 1.0.,https://creativecommons.org/publicdomain/mark/1.0/
echoes-recovered-jukebox-730655,data/restored/jukebox-730655_take-me-out-to-the-ball-game/restored.mp3,,,,,,,,,,,,,,
echoes-recovered-jukebox-730655,data/restored/jukebox-730655_take-me-out-to-the-ball-game/ab_compare.mp3,,,,,,,,,,,,,,
echoes-recovered-jukebox-730655,data/restored/jukebox-730655_take-me-out-to-the-ball-game/restoration_log.md,,,,,,,,,,,,,,
echoes-recovered-jukebox-730655,data/restored/jukebox-730655_take-me-out-to-the-ball-game/spectrogram.jpg,,,,,,,,,,,,,,
echoes-recovered-jukebox-730655,data/restored/jukebox-730655_take-me-out-to-the-ball-game/waveform.png,,,,,,,,,,,,,,
echoes-recovered-jukebox-730655,data/restored/jukebox-730655_take-me-out-to-the-ball-game/params.json,,,,,,,,,,,,,,
echoes-recovered-jukebox-730655,data/originals/jukebox-730655_take-me-out-to-the-ball-game/loc_original.flac,,,,,,,,,,,,,,
echoes-recovered-jukebox-730655,data/originals/jukebox-730655_take-me-out-to-the-ball-game/loc_label.jpg,,,,,,,,,,,,,,
echoes-recovered-jukebox-745838,data/restored/jukebox-745838_el-albanico-el-albanico-marcha/restored.flac,audio,opensource_audio,"El albanico, El albanico : Marcha - Regt. Band Of H. M. Scots Guards (1911) [LoC transfer + restoration]",Regt. Band Of H. M. Scots Guards,1911-12-31,"El albanico, El albanico : Marcha (Band). Recorded 1911-12-31, London, United Kingdom. Disc: Columbia A1398, matrix 27678 (Matrix ID), take 2. Source: Library of Congress, National Jukebox, https://www.loc.gov/item/jukebox-745838/ . This item contains (1) the Library of Congress transfer, losslessly re-encoded from the LoC WAV (PCM MD5 verified identical) and (2) a restored version made by the Echoes Recovered project with documented, non-generative DSP (AR click interpolation, Wiener noise reduction, band-limited filtering, bounded EQ). Full methodology, parameters and code: https://github.com/galaxyvoyager001-art/Echoes-Recovered . Credit line: Library of Congress, National Jukebox.",78rpm,acoustic recording,National Jukebox,Band,,https://www.loc.gov/item/jukebox-745838/,Public domain in the United States (sound recording published before 1923; Music Modernization Act). Restoration released under CC0 1.0.,https://creativecommons.org/publicdomain/mark/1.0/
echoes-recovered-jukebox-745838,data/restored/jukebox-745838_el-albanico-el-albanico-marcha/restored.mp3,,,,,,,,,,,,,,
echoes-recovered-jukebox-745838,data/restored/jukebox-745838_el-albanico-el-albanico-marcha/ab_compare.mp3,,,,,,,,,,,,,,
echoes-recovered-jukebox-745838,data/restored/jukebox-745838_el-albanico-el-albanico-marcha/restoration_log.md,,,,,,,,,,,,,,
echoes-recovered-jukebox-745838,data/restored/jukebox-745838_el-albanico-el-albanico-marcha/spectrogram.jpg,,,,,,,,,,,,,,
echoes-recovered-jukebox-745838,data/restored/jukebox-745838_el-albanico-el-albanico-marcha/waveform.png,,,,,,,,,,,,,,
echoes-recovered-jukebox-745838,data/restored/jukebox-745838_el-albanico-el-albanico-marcha/params.json,,,,,,,,,,,,,,
echoes-recovered-jukebox-745838,data/originals/jukebox-745838_el-albanico-el-albanico-marcha/loc_original.flac,,,,,,,,,,,,,,
echoes-recovered-jukebox-745838,data/originals/jukebox-745838_el-albanico-el-albanico-marcha/loc_label.jpg,,,,,,,,,,,,,,
echoes-recovered-jukebox-745857,data/restored/jukebox-745857_terence-s-farewell-to-kathleen/restored.flac,audio,opensource_audio,"Terence's farewell to Kathleen - Thomas, William (1912) [LoC transfer + restoration]","Thomas, William",1912-12-31,"Terence's farewell to Kathleen (Male vocal solo, with orchestra). Recorded 1912-12-31, London, United Kingdom. Disc: Columbia A1385, matrix 28268 (Matrix ID), take 1. Source: Library of Congress, National Jukebox, https://www.loc.gov/item/jukebox-745857/ . This item contains (1) the Library of Congress transfer, losslessly re-encoded from the LoC WAV (PCM MD5 verified identical) and (2) a restored version made by the Echoes Recovered project with documented, non-generative DSP (AR click interpolation, Wiener noise reduction, band-limited filtering, bounded EQ). Full methodology, parameters and code: https://github.com/galaxyvoyager001-art/Echoes-Recovered . Credit line: Library of Congress, National Jukebox.",78rpm,acoustic recording,National Jukebox,Irish song,['english'],https://www.loc.gov/item/jukebox-745857/,Public domain in the United States (sound recording published before 1923; Music Modernization Act). Restoration released under CC0 1.0.,https://creativecommons.org/publicdomain/mark/1.0/
echoes-recovered-jukebox-745857,data/restored/jukebox-745857_terence-s-farewell-to-kathleen/restored.mp3,,,,,,,,,,,,,,
echoes-recovered-jukebox-745857,data/restored/jukebox-745857_terence-s-farewell-to-kathleen/ab_compare.mp3,,,,,,,,,,,,,,
echoes-recovered-jukebox-745857,data/restored/jukebox-745857_terence-s-farewell-to-kathleen/restoration_log.md,,,,,,,,,,,,,,
echoes-recovered-jukebox-745857,data/restored/jukebox-745857_terence-s-farewell-to-kathleen/spectrogram.jpg,,,,,,,,,,,,,,
echoes-recovered-jukebox-745857,data/restored/jukebox-745857_terence-s-farewell-to-kathleen/waveform.png,,,,,,,,,,,,,,
echoes-recovered-jukebox-745857,data/restored/jukebox-745857_terence-s-farewell-to-kathleen/params.json,,,,,,,,,,,,,,
echoes-recovered-jukebox-745857,data/originals/jukebox-745857_terence-s-farewell-to-kathleen/loc_original.flac,,,,,,,,,,,,,,
echoes-recovered-jukebox-745857,data/originals/jukebox-745857_terence-s-farewell-to-kathleen/loc_label.jpg,,,,,,,,,,,,,,
echoes-recovered-jukebox-772838,data/restored/jukebox-772838_habanera/restored.flac,audio,opensource_audio,"Habanera - Cisneros, Eleanora De (1908) [LoC transfer + restoration]","Cisneros, Eleanora De",1908-12-31,"Habanera (Female vocal solo). Recorded 1908-12-31, Italy, Milan. Disc: Columbia 10198, matrix 10198 (Matrix ID), take 1. Source: Library of Congress, National Jukebox, https://www.loc.gov/item/jukebox-772838/ . This item contains (1) the Library of Congress transfer, losslessly re-encoded from the LoC WAV (PCM MD5 verified identical) and (2) a restored version made by the Echoes Recovered project with documented, non-generative DSP (AR click interpolation, Wiener noise reduction, band-limited filtering, bounded EQ). Full methodology, parameters and code: https://github.com/galaxyvoyager001-art/Echoes-Recovered . Credit line: Library of Congress, National Jukebox.",78rpm,acoustic recording,National Jukebox,Opera,['spanish'],https://www.loc.gov/item/jukebox-772838/,Public domain in the United States (sound recording published before 1923; Music Modernization Act). Restoration released under CC0 1.0.,https://creativecommons.org/publicdomain/mark/1.0/
echoes-recovered-jukebox-772838,data/restored/jukebox-772838_habanera/restored.mp3,,,,,,,,,,,,,,
echoes-recovered-jukebox-772838,data/restored/jukebox-772838_habanera/ab_compare.mp3,,,,,,,,,,,,,,
echoes-recovered-jukebox-772838,data/restored/jukebox-772838_habanera/restoration_log.md,,,,,,,,,,,,,,
echoes-recovered-jukebox-772838,data/restored/jukebox-772838_habanera/spectrogram.jpg,,,,,,,,,,,,,,
echoes-recovered-jukebox-772838,data/restored/jukebox-772838_habanera/waveform.png,,,,,,,,,,,,,,
echoes-recovered-jukebox-772838,data/restored/jukebox-772838_habanera/params.json,,,,,,,,,,,,,,
echoes-recovered-jukebox-772838,data/originals/jukebox-772838_habanera/loc_original.flac,,,,,,,,,,,,,,
echoes-recovered-jukebox-772838,data/originals/jukebox-772838_habanera/loc_label.jpg,,,,,,,,,,,,,,
echoes-recovered-jukebox-8025,data/restored/jukebox-8025_son-oriental/restored.flac,audio,opensource_audio,"Son oriental - Martínez, Pedro (1923) [LoC transfer + restoration]","Martínez, Pedro",1923-03-09,"Son oriental (Male vocal duet, with guitar). Recorded 1923-03-09, Cuba, Havana. Disc: Victor 77089, matrix G-2935 (Matrix ID), take 2. Source: Library of Congress, National Jukebox, https://www.loc.gov/item/jukebox-8025/ . This item contains (1) the Library of Congress transfer, losslessly re-encoded from the LoC WAV (PCM MD5 verified identical) and (2) a restored version made by the Echoes Recovered project with documented, non-generative DSP (AR click interpolation, Wiener noise reduction, band-limited filtering, bounded EQ). Full methodology, parameters and code: https://github.com/galaxyvoyager001-art/Echoes-Recovered . Credit line: Library of Congress, National Jukebox.",78rpm,acoustic recording,National Jukebox,Cuban son,['spanish'],https://www.loc.gov/item/jukebox-8025/,Public domain in the United States (sound recording published before 1923; Music Modernization Act). Restoration released under CC0 1.0.,https://creativecommons.org/publicdomain/mark/1.0/
echoes-recovered-jukebox-8025,data/restored/jukebox-8025_son-oriental/restored.mp3,,,,,,,,,,,,,,
echoes-recovered-jukebox-8025,data/restored/jukebox-8025_son-oriental/ab_compare.mp3,,,,,,,,,,,,,,
echoes-recovered-jukebox-8025,data/restored/jukebox-8025_son-oriental/restoration_log.md,,,,,,,,,,,,,,
echoes-recovered-jukebox-8025,data/restored/jukebox-8025_son-oriental/spectrogram.jpg,,,,,,,,,,,,,,
echoes-recovered-jukebox-8025,data/restored/jukebox-8025_son-oriental/waveform.png,,,,,,,,,,,,,,
echoes-recovered-jukebox-8025,data/restored/jukebox-8025_son-oriental/params.json,,,,,,,,,,,,,,
echoes-recovered-jukebox-8025,data/originals/jukebox-8025_son-oriental/loc_original.flac,,,,,,,,,,,,,,
echoes-recovered-jukebox-8025,data/originals/jukebox-8025_son-oriental/loc_label.jpg,,,,,,,,,,,,,,
echoes-recovered-jukebox-8027,data/restored/jukebox-8027_novia-manzanillera/restored.flac,audio,opensource_audio,Novia manzanillera - Cuarteto Cruz (1923) [LoC transfer + restoration],Cuarteto Cruz,1923-03-09,"Novia manzanillera (Male vocal quartet, with guitar and orchestra). Recorded 1923-03-09, Havana, Cuba. Disc: Victor 77088, matrix G-2937 (Matrix ID), take 2. Source: Library of Congress, National Jukebox, https://www.loc.gov/item/jukebox-8027/ . This item contains (1) the Library of Congress transfer, losslessly re-encoded from the LoC WAV (PCM MD5 verified identical) and (2) a restored version made by the Echoes Recovered project with documented, non-generative DSP (AR click interpolation, Wiener noise reduction, band-limited filtering, bounded EQ). Full methodology, parameters and code: https://github.com/galaxyvoyager001-art/Echoes-Recovered . Credit line: Library of Congress, National Jukebox.",78rpm,acoustic recording,National Jukebox,Cuban song,['spanish'],https://www.loc.gov/item/jukebox-8027/,Public domain in the United States (sound recording published before 1923; Music Modernization Act). Restoration released under CC0 1.0.,https://creativecommons.org/publicdomain/mark/1.0/
echoes-recovered-jukebox-8027,data/restored/jukebox-8027_novia-manzanillera/restored.mp3,,,,,,,,,,,,,,
echoes-recovered-jukebox-8027,data/restored/jukebox-8027_novia-manzanillera/ab_compare.mp3,,,,,,,,,,,,,,
echoes-recovered-jukebox-8027,data/restored/jukebox-8027_novia-manzanillera/restoration_log.md,,,,,,,,,,,,,,
echoes-recovered-jukebox-8027,data/restored/jukebox-8027_novia-manzanillera/spectrogram.jpg,,,,,,,,,,,,,,
echoes-recovered-jukebox-8027,data/restored/jukebox-8027_novia-manzanillera/waveform.png,,,,,,,,,,,,,,
echoes-recovered-jukebox-8027,data/restored/jukebox-8027_novia-manzanillera/params.json,,,,,,,,,,,,,,
echoes-recovered-jukebox-8027,data/originals/jukebox-8027_novia-manzanillera/loc_original.flac,,,,,,,,,,,,,,
echoes-recovered-jukebox-8027,data/originals/jukebox-8027_novia-manzanillera/loc_label.jpg,,,,,,,,,,,,,,
echoes-recovered-jukebox-8045,data/restored/jukebox-8045_amar-eso-es-todo/restored.flac,audio,opensource_audio,"Amar, eso es todo - Montaner, Rita (1923) [LoC transfer + restoration]","Montaner, Rita",1923-03-15,"Amar, eso es todo (Female-male vocal duet, with guitar). Recorded 1923-03-15, Cuba, Havana. Disc: Victor 73879, matrix G-2955 (Matrix ID), take 1. Source: Library of Congress, National Jukebox, https://www.loc.gov/item/jukebox-8045/ . This item contains (1) the Library of Congress transfer, losslessly re-encoded from the LoC WAV (PCM MD5 verified identical) and (2) a restored version made by the Echoes Recovered project with documented, non-generative DSP (AR click interpolation, Wiener noise reduction, band-limited filtering, bounded EQ). Full methodology, parameters and code: https://github.com/galaxyvoyager001-art/Echoes-Recovered . Credit line: Library of Congress, National Jukebox.",78rpm,acoustic recording,National Jukebox,Cuban song,['spanish'],https://www.loc.gov/item/jukebox-8045/,Public domain in the United States (sound recording published before 1923; Music Modernization Act). Restoration released under CC0 1.0.,https://creativecommons.org/publicdomain/mark/1.0/
echoes-recovered-jukebox-8045,data/restored/jukebox-8045_amar-eso-es-todo/restored.mp3,,,,,,,,,,,,,,
echoes-recovered-jukebox-8045,data/restored/jukebox-8045_amar-eso-es-todo/ab_compare.mp3,,,,,,,,,,,,,,
echoes-recovered-jukebox-8045,data/restored/jukebox-8045_amar-eso-es-todo/restoration_log.md,,,,,,,,,,,,,,
echoes-recovered-jukebox-8045,data/restored/jukebox-8045_amar-eso-es-todo/spectrogram.jpg,,,,,,,,,,,,,,
echoes-recovered-jukebox-8045,data/restored/jukebox-8045_amar-eso-es-todo/waveform.png,,,,,,,,,,,,,,
echoes-recovered-jukebox-8045,data/restored/jukebox-8045_amar-eso-es-todo/params.json,,,,,,,,,,,,,,
echoes-recovered-jukebox-8045,data/originals/jukebox-8045_amar-eso-es-todo/loc_original.flac,,,,,,,,,,,,,,
echoes-recovered-jukebox-8045,data/originals/jukebox-8045_amar-eso-es-todo/loc_label.jpg,,,,,,,,,,,,,,
echoes-recovered-jukebox-8066,data/restored/jukebox-8066_el-limoncito/restored.flac,audio,opensource_audio,El limoncito - Quiroz Y Muñoz (1923) [LoC transfer + restoration],Quiroz Y Muñoz,1923-03-23,"El limoncito (Male vocal duet, with guitar). Recorded 1923-03-23, Mexico City, Mexico. Disc: Victor 73888, matrix G-2977 (Matrix ID), take 2. Source: Library of Congress, National Jukebox, https://www.loc.gov/item/jukebox-8066/ . This item contains (1) the Library of Congress transfer, losslessly re-encoded from the LoC WAV (PCM MD5 verified identical) and (2) a restored version made by the Echoes Recovered project with documented, non-generative DSP (AR click interpolation, Wiener noise reduction, band-limited filtering, bounded EQ). Full methodology, parameters and code: https://github.com/galaxyvoyager001-art/Echoes-Recovered . Credit line: Library of Congress, National Jukebox.",78rpm,acoustic recording,National Jukebox,Mexican song,['spanish'],https://www.loc.gov/item/jukebox-8066/,Public domain in the United States (sound recording published before 1923; Music Modernization Act). Restoration released under CC0 1.0.,https://creativecommons.org/publicdomain/mark/1.0/
echoes-recovered-jukebox-8066,data/restored/jukebox-8066_el-limoncito/restored.mp3,,,,,,,,,,,,,,
echoes-recovered-jukebox-8066,data/restored/jukebox-8066_el-limoncito/ab_compare.mp3,,,,,,,,,,,,,,
echoes-recovered-jukebox-8066,data/restored/jukebox-8066_el-limoncito/restoration_log.md,,,,,,,,,,,,,,
echoes-recovered-jukebox-8066,data/restored/jukebox-8066_el-limoncito/spectrogram.jpg,,,,,,,,,,,,,,
echoes-recovered-jukebox-8066,data/restored/jukebox-8066_el-limoncito/waveform.png,,,,,,,,,,,,,,
echoes-recovered-jukebox-8066,data/restored/jukebox-8066_el-limoncito/params.json,,,,,,,,,,,,,,
echoes-recovered-jukebox-8066,data/originals/jukebox-8066_el-limoncito/loc_original.flac,,,,,,,,,,,,,,
echoes-recovered-jukebox-8066,data/originals/jukebox-8066_el-limoncito/loc_label.jpg,,,,,,,,,,,,,,
echoes-recovered-jukebox-817339,data/restored/jukebox-817339_swanee/restored.flac,audio,opensource_audio,"Swanee - Jolson, Al (1920) [LoC transfer + restoration]","Jolson, Al",1920-01-08,"Swanee (Male vocal solo and whistling, with orchestra). Recorded 1920-01-08, United States, New York. Disc: Columbia A2884, matrix 78917 (Matrix ID), take 00. Source: Library of Congress, National Jukebox, https://www.loc.gov/item/jukebox-817339/ . This item contains (1) the Library of Congress transfer, losslessly re-encoded from the LoC WAV (PCM MD5 verified identical) and (2) a restored version made by the Echoes Recovered project with documented, non-generative DSP (AR click interpolation, Wiener noise reduction, band-limited filtering, bounded EQ). Full methodology, parameters and code: https://github.com/galaxyvoyager001-art/Echoes-Recovered . Credit line: Library of Congress, National Jukebox.",78rpm,acoustic recording,National Jukebox,Popular song,['english'],https://www.loc.gov/item/jukebox-817339/,Public domain in the United States (sound recording published before 1923; Music Modernization Act). Restoration released under CC0 1.0.,https://creativecommons.org/publicdomain/mark/1.0/
echoes-recovered-jukebox-817339,data/restored/jukebox-817339_swanee/restored.mp3,,,,,,,,,,,,,,
echoes-recovered-jukebox-817339,data/restored/jukebox-817339_swanee/ab_compare.mp3,,,,,,,,,,,,,,
echoes-recovered-jukebox-817339,data/restored/jukebox-817339_swanee/restoration_log.md,,,,,,,,,,,,,,
echoes-recovered-jukebox-817339,data/restored/jukebox-817339_swanee/spectrogram.jpg,,,,,,,,,,,,,,
echoes-recovered-jukebox-817339,data/restored/jukebox-817339_swanee/waveform.png,,,,,,,,,,,,,,
echoes-recovered-jukebox-817339,data/restored/jukebox-817339_swanee/params.json,,,,,,,,,,,,,,
echoes-recovered-jukebox-817339,data/originals/jukebox-817339_swanee/loc_original.flac,,,,,,,,,,,,,,
echoes-recovered-jukebox-817339,data/originals/jukebox-817339_swanee/loc_label.jpg,,,,,,,,,,,,,,
echoes-recovered-jukebox-8317,data/restored/jukebox-8317_alborada-de-veiga/restored.flac,audio,opensource_audio,"Alborada de Veiga - Dopazo, Manuel (1912) [LoC transfer + restoration]","Dopazo, Manuel",1912-01-31,"Alborada de Veiga (Gaita solo, with tambor). Recorded 1912-01-31, Buenos Aires, Argentina. Disc: Victor 63732, matrix H-445 (Matrix ID), take 1. Source: Library of Congress, National Jukebox, https://www.loc.gov/item/jukebox-8317/ . This item contains (1) the Library of Congress transfer, losslessly re-encoded from the LoC WAV (PCM MD5 verified identical) and (2) a restored version made by the Echoes Recovered project with documented, non-generative DSP (AR click interpolation, Wiener noise reduction, band-limited filtering, bounded EQ). Full methodology, parameters and code: https://github.com/galaxyvoyager001-art/Echoes-Recovered . Credit line: Library of Congress, National Jukebox.",78rpm,acoustic recording,National Jukebox,Galician bagpipe,,https://www.loc.gov/item/jukebox-8317/,Public domain in the United States (sound recording published before 1923; Music Modernization Act). Restoration released under CC0 1.0.,https://creativecommons.org/publicdomain/mark/1.0/
echoes-recovered-jukebox-8317,data/restored/jukebox-8317_alborada-de-veiga/restored.mp3,,,,,,,,,,,,,,
echoes-recovered-jukebox-8317,data/restored/jukebox-8317_alborada-de-veiga/ab_compare.mp3,,,,,,,,,,,,,,
echoes-recovered-jukebox-8317,data/restored/jukebox-8317_alborada-de-veiga/restoration_log.md,,,,,,,,,,,,,,
echoes-recovered-jukebox-8317,data/restored/jukebox-8317_alborada-de-veiga/spectrogram.jpg,,,,,,,,,,,,,,
echoes-recovered-jukebox-8317,data/restored/jukebox-8317_alborada-de-veiga/waveform.png,,,,,,,,,,,,,,
echoes-recovered-jukebox-8317,data/restored/jukebox-8317_alborada-de-veiga/params.json,,,,,,,,,,,,,,
echoes-recovered-jukebox-8317,data/originals/jukebox-8317_alborada-de-veiga/loc_original.flac,,,,,,,,,,,,,,
echoes-recovered-jukebox-8317,data/originals/jukebox-8317_alborada-de-veiga/loc_label.jpg,,,,,,,,,,,,,,
echoes-recovered-jukebox-8689,data/restored/jukebox-8689_luc-a/restored.flac,audio,opensource_audio,Lucía - Hermanas Gastelú (1913) [LoC transfer + restoration],Hermanas Gastelú,1913-09-05,"Lucía (Female vocal duet, with guitar). Recorded 1913-09-05, Perú, Lima. Disc: Victor 65631, matrix L-151 (Matrix ID), take 1. Source: Library of Congress, National Jukebox, https://www.loc.gov/item/jukebox-8689/ . This item contains (1) the Library of Congress transfer, losslessly re-encoded from the LoC WAV (PCM MD5 verified identical) and (2) a restored version made by the Echoes Recovered project with documented, non-generative DSP (AR click interpolation, Wiener noise reduction, band-limited filtering, bounded EQ). Full methodology, parameters and code: https://github.com/galaxyvoyager001-art/Echoes-Recovered . Credit line: Library of Congress, National Jukebox.",78rpm,acoustic recording,National Jukebox,Peruvian song,['spanish'],https://www.loc.gov/item/jukebox-8689/,Public domain in the United States (sound recording published before 1923; Music Modernization Act). Restoration released under CC0 1.0.,https://creativecommons.org/publicdomain/mark/1.0/
echoes-recovered-jukebox-8689,data/restored/jukebox-8689_luc-a/restored.mp3,,,,,,,,,,,,,,
echoes-recovered-jukebox-8689,data/restored/jukebox-8689_luc-a/ab_compare.mp3,,,,,,,,,,,,,,
echoes-recovered-jukebox-8689,data/restored/jukebox-8689_luc-a/restoration_log.md,,,,,,,,,,,,,,
echoes-recovered-jukebox-8689,data/restored/jukebox-8689_luc-a/spectrogram.jpg,,,,,,,,,,,,,,
echoes-recovered-jukebox-8689,data/restored/jukebox-8689_luc-a/waveform.png,,,,,,,,,,,,,,
echoes-recovered-jukebox-8689,data/restored/jukebox-8689_luc-a/params.json,,,,,,,,,,,,,,
echoes-recovered-jukebox-8689,data/originals/jukebox-8689_luc-a/loc_original.flac,,,,,,,,,,,,,,
echoes-recovered-jukebox-8689,data/originals/jukebox-8689_luc-a/loc_label.jpg,,,,,,,,,,,,,,
echoes-recovered-jukebox-8769,data/restored/jukebox-8769_de-lambayeque-a-chiclayo/restored.flac,audio,opensource_audio,De Lambayeque a Chiclayo - Cobian Y Díaz (1913) [LoC transfer + restoration],Cobian Y Díaz,1913-09-12,"De Lambayeque a Chiclayo (Vocal duet, with guitar and cajón). Recorded 1913-09-12, Perú, Lima. Disc: Victor 65642, matrix L-231 (Matrix ID), take 1. Source: Library of Congress, National Jukebox, https://www.loc.gov/item/jukebox-8769/ . This item contains (1) the Library of Congress transfer, losslessly re-encoded from the LoC WAV (PCM MD5 verified identical) and (2) a restored version made by the Echoes Recovered project with documented, non-generative DSP (AR click interpolation, Wiener noise reduction, band-limited filtering, bounded EQ). Full methodology, parameters and code: https://github.com/galaxyvoyager001-art/Echoes-Recovered . Credit line: Library of Congress, National Jukebox.",78rpm,acoustic recording,National Jukebox,Peruvian song,['spanish'],https://www.loc.gov/item/jukebox-8769/,Public domain in the United States (sound recording published before 1923; Music Modernization Act). Restoration released under CC0 1.0.,https://creativecommons.org/publicdomain/mark/1.0/
echoes-recovered-jukebox-8769,data/restored/jukebox-8769_de-lambayeque-a-chiclayo/restored.mp3,,,,,,,,,,,,,,
echoes-recovered-jukebox-8769,data/restored/jukebox-8769_de-lambayeque-a-chiclayo/ab_compare.mp3,,,,,,,,,,,,,,
echoes-recovered-jukebox-8769,data/restored/jukebox-8769_de-lambayeque-a-chiclayo/restoration_log.md,,,,,,,,,,,,,,
echoes-recovered-jukebox-8769,data/restored/jukebox-8769_de-lambayeque-a-chiclayo/spectrogram.jpg,,,,,,,,,,,,,,
echoes-recovered-jukebox-8769,data/restored/jukebox-8769_de-lambayeque-a-chiclayo/waveform.png,,,,,,,,,,,,,,
echoes-recovered-jukebox-8769,data/restored/jukebox-8769_de-lambayeque-a-chiclayo/params.json,,,,,,,,,,,,,,
echoes-recovered-jukebox-8769,data/originals/jukebox-8769_de-lambayeque-a-chiclayo/loc_original.flac,,,,,,,,,,,,,,
echoes-recovered-jukebox-8769,data/originals/jukebox-8769_de-lambayeque-a-chiclayo/loc_label.jpg,,,,,,,,,,,,,,
echoes-recovered-jukebox-8907,data/restored/jukebox-8907_plenilunio/restored.flac,audio,opensource_audio,Plenilunio - Cuarteto Nacional (1913) [LoC transfer + restoration],Cuarteto Nacional,1913-11-08,"Plenilunio (Instrumental quartet). Recorded 1913-11-08, Bogotá, Colombia. Disc: Victor 65887, matrix L-372 (Matrix ID), take 1. Source: Library of Congress, National Jukebox, https://www.loc.gov/item/jukebox-8907/ . This item contains (1) the Library of Congress transfer, losslessly re-encoded from the LoC WAV (PCM MD5 verified identical) and (2) a restored version made by the Echoes Recovered project with documented, non-generative DSP (AR click interpolation, Wiener noise reduction, band-limited filtering, bounded EQ). Full methodology, parameters and code: https://github.com/galaxyvoyager001-art/Echoes-Recovered . Credit line: Library of Congress, National Jukebox.",78rpm,acoustic recording,National Jukebox,Colombian string ensemble,,https://www.loc.gov/item/jukebox-8907/,Public domain in the United States (sound recording published before 1923; Music Modernization Act). Restoration released under CC0 1.0.,https://creativecommons.org/publicdomain/mark/1.0/
echoes-recovered-jukebox-8907,data/restored/jukebox-8907_plenilunio/restored.mp3,,,,,,,,,,,,,,
echoes-recovered-jukebox-8907,data/restored/jukebox-8907_plenilunio/ab_compare.mp3,,,,,,,,,,,,,,
echoes-recovered-jukebox-8907,data/restored/jukebox-8907_plenilunio/restoration_log.md,,,,,,,,,,,,,,
echoes-recovered-jukebox-8907,data/restored/jukebox-8907_plenilunio/spectrogram.jpg,,,,,,,,,,,,,,
echoes-recovered-jukebox-8907,data/restored/jukebox-8907_plenilunio/waveform.png,,,,,,,,,,,,,,
echoes-recovered-jukebox-8907,data/restored/jukebox-8907_plenilunio/params.json,,,,,,,,,,,,,,
echoes-recovered-jukebox-8907,data/originals/jukebox-8907_plenilunio/loc_original.flac,,,,,,,,,,,,,,
echoes-recovered-jukebox-8907,data/originals/jukebox-8907_plenilunio/loc_label.jpg,,,,,,,,,,,,,,
echoes-recovered-jukebox-8910,data/restored/jukebox-8910_tras-de-las-verdes-colinas/restored.flac,audio,opensource_audio,"Tras de las verdes colinas - Wills, Alejandro (1913) [LoC transfer + restoration]","Wills, Alejandro",1913-11-09,"Tras de las verdes colinas (Male vocal duet, with pito, tiple, and guitar). Recorded 1913-11-09, Bogotá, Colombia. Disc: Victor 65892, matrix L-375 (Matrix ID), take 1. Source: Library of Congress, National Jukebox, https://www.loc.gov/item/jukebox-8910/ . This item contains (1) the Library of Congress transfer, losslessly re-encoded from the LoC WAV (PCM MD5 verified identical) and (2) a restored version made by the Echoes Recovered project with documented, non-generative DSP (AR click interpolation, Wiener noise reduction, band-limited filtering, bounded EQ). Full methodology, parameters and code: https://github.com/galaxyvoyager001-art/Echoes-Recovered . Credit line: Library of Congress, National Jukebox.",78rpm,acoustic recording,National Jukebox,Colombian song,['spanish'],https://www.loc.gov/item/jukebox-8910/,Public domain in the United States (sound recording published before 1923; Music Modernization Act). Restoration released under CC0 1.0.,https://creativecommons.org/publicdomain/mark/1.0/
echoes-recovered-jukebox-8910,data/restored/jukebox-8910_tras-de-las-verdes-colinas/restored.mp3,,,,,,,,,,,,,,
echoes-recovered-jukebox-8910,data/restored/jukebox-8910_tras-de-las-verdes-colinas/ab_compare.mp3,,,,,,,,,,,,,,
echoes-recovered-jukebox-8910,data/restored/jukebox-8910_tras-de-las-verdes-colinas/restoration_log.md,,,,,,,,,,,,,,
echoes-recovered-jukebox-8910,data/restored/jukebox-8910_tras-de-las-verdes-colinas/spectrogram.jpg,,,,,,,,,,,,,,
echoes-recovered-jukebox-8910,data/restored/jukebox-8910_tras-de-las-verdes-colinas/waveform.png,,,,,,,,,,,,,,
echoes-recovered-jukebox-8910,data/restored/jukebox-8910_tras-de-las-verdes-colinas/params.json,,,,,,,,,,,,,,
echoes-recovered-jukebox-8910,data/originals/jukebox-8910_tras-de-las-verdes-colinas/loc_original.flac,,,,,,,,,,,,,,
echoes-recovered-jukebox-8910,data/originals/jukebox-8910_tras-de-las-verdes-colinas/loc_label.jpg,,,,,,,,,,,,,,
echoes-recovered-jukebox-8957,data/restored/jukebox-8957_dame-un-beso/restored.flac,audio,opensource_audio,Dame un beso - Quinteto Rubiano (1913) [LoC transfer + restoration],Quinteto Rubiano,1913-11-16,"Dame un beso (Male vocal duet, with guitar and tiple). Recorded 1913-11-16, Bogotá, Colombia. Disc: Victor 65887, matrix L-426 (Matrix ID), take 1. Source: Library of Congress, National Jukebox, https://www.loc.gov/item/jukebox-8957/ . This item contains (1) the Library of Congress transfer, losslessly re-encoded from the LoC WAV (PCM MD5 verified identical) and (2) a restored version made by the Echoes Recovered project with documented, non-generative DSP (AR click interpolation, Wiener noise reduction, band-limited filtering, bounded EQ). Full methodology, parameters and code: https://github.com/galaxyvoyager001-art/Echoes-Recovered . Credit line: Library of Congress, National Jukebox.",78rpm,acoustic recording,National Jukebox,Colombian song,['spanish'],https://www.loc.gov/item/jukebox-8957/,Public domain in the United States (sound recording published before 1923; Music Modernization Act). Restoration released under CC0 1.0.,https://creativecommons.org/publicdomain/mark/1.0/
echoes-recovered-jukebox-8957,data/restored/jukebox-8957_dame-un-beso/restored.mp3,,,,,,,,,,,,,,
echoes-recovered-jukebox-8957,data/restored/jukebox-8957_dame-un-beso/ab_compare.mp3,,,,,,,,,,,,,,
echoes-recovered-jukebox-8957,data/restored/jukebox-8957_dame-un-beso/restoration_log.md,,,,,,,,,,,,,,
echoes-recovered-jukebox-8957,data/restored/jukebox-8957_dame-un-beso/spectrogram.jpg,,,,,,,,,,,,,,
echoes-recovered-jukebox-8957,data/restored/jukebox-8957_dame-un-beso/waveform.png,,,,,,,,,,,,,,
echoes-recovered-jukebox-8957,data/restored/jukebox-8957_dame-un-beso/params.json,,,,,,,,,,,,,,
echoes-recovered-jukebox-8957,data/originals/jukebox-8957_dame-un-beso/loc_original.flac,,,,,,,,,,,,,,
echoes-recovered-jukebox-8957,data/originals/jukebox-8957_dame-un-beso/loc_label.jpg,,,,,,,,,,,,,,
